タイトル,URL,メタ・ディスクリプション,メタ・キーワード,"H1 タグ",更新日,サイズ,ファイルタイプ
"（事業所の皆様へ）新型コロナウイルスワクチン職域接種のご案内（２回目の方へのご案内） | 摂津市商工会",https://settsu-sci.jp/archives/6010,応援します。あなたの経営！地域に広げよう摂津市商工会の信頼ネットワーク。大阪府摂津市,"摂津市,摂津市商工会,経営相談,企業サポート,","<h1 class=""entry-title"">（事業所の皆様へ）新型コロナウイルスワクチン職域接種のご案内（２回目の方へのご案内）</h1>",(不明),"25,487","text/html; charset=UTF-8"
"?人材採用をギャンブルにしない方法?失敗をしない採用方法を知るセミナー（10/26） | 摂津市商工会",https://settsu-sci.jp/archives/2808,応援します。あなたの経営！地域に広げよう摂津市商工会の信頼ネットワーク。大阪府摂津市,"摂津市,摂津市商工会,経営相談,企業サポート,","<h1 class=""entry-title"">?人材採用をギャンブルにしない方法?失敗をしない採用方法を知るセミナー（10/26）</h1>",(不明),"22,833","text/html; charset=UTF-8"
"～マインドマップによる新たなビジネス展開をつくるネットワーク構築～北摂地域連携！起業家×企業家交流会！（7/29、8/21、9/8、10/17） | 摂津市商工会",https://settsu-sci.jp/archives/2069,応援します。あなたの経営！地域に広げよう摂津市商工会の信頼ネットワーク。大阪府摂津市,"摂津市,摂津市商工会,経営相談,企業サポート,","<h1 class=""entry-title"">～マインドマップによる新たなビジネス展開をつくるネットワーク構築～北摂地域連携！起業家×企業家交流会！（7/29、8/21、9/8、10/17）</h1>",(不明),"26,616","text/html; charset=UTF-8"
"～共有・共感に基づく新しい共有価値の創造～北摂地域連携！起業家×企業家交流会！（6/24、7/14、9/6、10/21） | 摂津市商工会",https://settsu-sci.jp/archives/2527,応援します。あなたの経営！地域に広げよう摂津市商工会の信頼ネットワーク。大阪府摂津市,"摂津市,摂津市商工会,経営相談,企業サポート,","<h1 class=""entry-title"">～共有・共感に基づく新しい共有価値の創造～北摂地域連携！起業家×企業家交流会！（6/24、7/14、9/6、10/21）</h1>",(不明),"26,664","text/html; charset=UTF-8"
"～性格分析や価値観分析による強み・思考の連携融合型のビジネスネットワークの構築～北摂地域連携！起業家×企業家交流会！（5/30、6/22、7/20、10/13） | 摂津市商工会",https://settsu-sci.jp/archives/3103,応援します。あなたの経営！地域に広げよう摂津市商工会の信頼ネットワーク。大阪府摂津市,"摂津市,摂津市商工会,経営相談,企業サポート,","<h1 class=""entry-title"">～性格分析や価値観分析による強み・思考の連携融合型のビジネスネットワークの構築～北摂地域連携！起業家×企業家交流会！（5/30、6/22、7/20、10/13）</h1>",(不明),"26,674","text/html; charset=UTF-8"
"“泉州”の地域資源を活用した事業をめぐる見学会（11月12日）※申込期限10月28日 | 摂津市商工会",https://settsu-sci.jp/archives/4163,応援します。あなたの経営！地域に広げよう摂津市商工会の信頼ネットワーク。大阪府摂津市,"摂津市,摂津市商工会,経営相談,企業サポート,","<h1 class=""entry-title"">“泉州”の地域資源を活用した事業をめぐる見学会（11月12日）※申込期限10月28日</h1>",(不明),"19,403","text/html; charset=UTF-8"
"”ワタシ”だけのお店を創ってみませんか？チャレンジショップ出店者募集！（出店募集枠残り５先着順） | 摂津市商工会",https://settsu-sci.jp/archives/3172,応援します。あなたの経営！地域に広げよう摂津市商工会の信頼ネットワーク。大阪府摂津市,"摂津市,摂津市商工会,経営相談,企業サポート,","<h1 class=""entry-title"">”ワタシ”だけのお店を創ってみませんか？チャレンジショップ出店者募集！（出店募集枠残り５先着順）</h1>",(不明),"18,823","text/html; charset=UTF-8"
"「おおさか地域創造ファンド」「小規模事業者持続化補助金」「ものづくり・商業サービス革新補助金」申請のツボが分かる！補助金申請攻略セミナー（3/17） | 摂津市商工会",https://settsu-sci.jp/archives/1981,応援します。あなたの経営！地域に広げよう摂津市商工会の信頼ネットワーク。大阪府摂津市,"摂津市,摂津市商工会,経営相談,企業サポート,","<h1 class=""entry-title"">「おおさか地域創造ファンド」「小規模事業者持続化補助金」「ものづくり・商業サービス革新補助金」申請のツボが分かる！補助金申請攻略セミナー（3/17）</h1>",(不明),"22,829","text/html; charset=UTF-8"
"「はじめての溶接にチャレンジ」女性体験者募集！溶接女子プロジェクト＠（株）カネタ（10/21） | 摂津市商工会",https://settsu-sci.jp/archives/3287,応援します。あなたの経営！地域に広げよう摂津市商工会の信頼ネットワーク。大阪府摂津市,"摂津市,摂津市商工会,経営相談,企業サポート,","<h1 class=""entry-title"">「はじめての溶接にチャレンジ」女性体験者募集！溶接女子プロジェクト＠（株）カネタ（10/21）</h1>",(不明),"18,991","text/html; charset=UTF-8"
"「わたしにもできる！」夢をかなえる第一歩　創業支援セミナー＆交流会（ランチ会）（1/21） | 摂津市商工会",https://settsu-sci.jp/archives/2302,応援します。あなたの経営！地域に広げよう摂津市商工会の信頼ネットワーク。大阪府摂津市,"摂津市,摂津市商工会,経営相談,企業サポート,","<h1 class=""entry-title"">「わたしにもできる！」夢をかなえる第一歩　創業支援セミナー＆交流会（ランチ会）（1/21）</h1>",(不明),"26,958","text/html; charset=UTF-8"
"「私だけのお気に入りのお店」見つけませんか?期間限定！チャレンジショップin千里丘ことぶき商店街　出店情報（10/5?11/29） | 摂津市商工会",https://settsu-sci.jp/archives/3270,応援します。あなたの経営！地域に広げよう摂津市商工会の信頼ネットワーク。大阪府摂津市,"摂津市,摂津市商工会,経営相談,企業サポート,","<h1 class=""entry-title"">「私だけのお気に入りのお店」見つけませんか?期間限定！チャレンジショップin千里丘ことぶき商店街　出店情報（10/5?11/29）</h1>",(不明),"20,657","text/html; charset=UTF-8"
"「私だけのお気に入りのお店」見つけませんか?期間限定！チャレンジショップin千里丘ことぶき商店街?(10/5?11/29） | 摂津市商工会",https://settsu-sci.jp/archives/2725,応援します。あなたの経営！地域に広げよう摂津市商工会の信頼ネットワーク。大阪府摂津市,"摂津市,摂津市商工会,経営相談,企業サポート,","<h1 class=""entry-title"">「私だけのお気に入りのお店」見つけませんか?期間限定！チャレンジショップin千里丘ことぶき商店街?(10/5?11/29）</h1>",(不明),"24,487","text/html; charset=UTF-8"
"「自分ブランド化」で売上アップ！　企業力アップ・営業力向上セミナー（2/5） | 摂津市商工会",https://settsu-sci.jp/archives/1906,応援します。あなたの経営！地域に広げよう摂津市商工会の信頼ネットワーク。大阪府摂津市,"摂津市,摂津市商工会,経営相談,企業サポート,","<h1 class=""entry-title"">「自分ブランド化」で売上アップ！　企業力アップ・営業力向上セミナー（2/5）</h1>",(不明),"22,113","text/html; charset=UTF-8"
"「戦わない」Ｅコマースで販路拡大！ネットショップ入門セミナー（9/17、10/1、10/15） | 摂津市商工会",https://settsu-sci.jp/archives/2112,応援します。あなたの経営！地域に広げよう摂津市商工会の信頼ネットワーク。大阪府摂津市,"摂津市,摂津市商工会,経営相談,企業サポート,","<h1 class=""entry-title"">「戦わない」Ｅコマースで販路拡大！ネットショップ入門セミナー（9/17、10/1、10/15）</h1>",(不明),"19,055","text/html; charset=UTF-8"
"『好き』を仕事にしませんか？地域・社会を元気にするソーシャルビジネスセミナー＆個別相談会（9/13） | 摂津市商工会",https://settsu-sci.jp/archives/1671,応援します。あなたの経営！地域に広げよう摂津市商工会の信頼ネットワーク。大阪府摂津市,"摂津市,摂津市商工会,経営相談,企業サポート,","<h1 class=""entry-title"">『好き』を仕事にしませんか？地域・社会を元気にするソーシャルビジネスセミナー＆個別相談会（9/13）</h1>",(不明),"23,230","text/html; charset=UTF-8"
"【イベント】バイオジャパン2020（10/14～10/16）大阪パビリオン出展企業　紹介ページ | 摂津市商工会",https://settsu-sci.jp/archives/5106,応援します。あなたの経営！地域に広げよう摂津市商工会の信頼ネットワーク。大阪府摂津市,"摂津市,摂津市商工会,経営相談,企業サポート,","<h1 class=""entry-title"">【イベント】バイオジャパン2020（10/14～10/16）大阪パビリオン出展企業　紹介ページ</h1>",(不明),"21,268","text/html; charset=UTF-8"
"【イベント】みんなでつなぐプロジェクトハッシュタグ#摂津エール飯で美味しく応援！！ | 摂津市商工会",https://settsu-sci.jp/archives/4722,応援します。あなたの経営！地域に広げよう摂津市商工会の信頼ネットワーク。大阪府摂津市,"摂津市,摂津市商工会,経営相談,企業サポート,","<h1 class=""entry-title"">【イベント】みんなでつなぐプロジェクト<br/><center><span style=""color: #ff0000;"">ハッシュタグ#摂津エール飯</span>で美味しく応援！！</center></h1>",(不明),"20,127","text/html; charset=UTF-8"
"【イベント】参加店でお買い上げの方に各商店街で有田みかんをプレゼント！！毎年恒例! 摂津市４地域 100円商店街開催(12/5)　 | 摂津市商工会",https://settsu-sci.jp/archives/3436,応援します。あなたの経営！地域に広げよう摂津市商工会の信頼ネットワーク。大阪府摂津市,"摂津市,摂津市商工会,経営相談,企業サポート,","<h1 class=""entry-title"">【イベント】参加店でお買い上げの方に各商店街で有田みかんをプレゼント！！毎年恒例! 摂津市４地域 100円商店街開催(12/5)　</h1>",(不明),"21,447","text/html; charset=UTF-8"
"【イベント】摂津おしごとフェア In ポリテク関西　参加企業募集（〆切：1/17） | 摂津市商工会",https://settsu-sci.jp/archives/7564,応援します。あなたの経営！地域に広げよう摂津市商工会の信頼ネットワーク。大阪府摂津市,"摂津市,摂津市商工会,経営相談,企業サポート,","<h1 class=""entry-title"">【イベント】摂津おしごとフェア In ポリテク関西　参加企業募集（〆切：1/17）</h1>",(不明),"20,091","text/html; charset=UTF-8"
"【イベント】千里丘アコースティックライブ 音千祭 Vol.19 開催（11/4） | 摂津市商工会",https://settsu-sci.jp/archives/4208,応援します。あなたの経営！地域に広げよう摂津市商工会の信頼ネットワーク。大阪府摂津市,"摂津市,摂津市商工会,経営相談,企業サポート,","<h1 class=""entry-title"">【イベント】千里丘アコースティックライブ 音千祭 Vol.19 開催（11/4）</h1>",(不明),"19,923","text/html; charset=UTF-8"
"【イベント】第20回しまもと手づくりコミュニティ市出店募集（募集期間：5/1~5/13） | 摂津市商工会",https://settsu-sci.jp/archives/6724,応援します。あなたの経営！地域に広げよう摂津市商工会の信頼ネットワーク。大阪府摂津市,"摂津市,摂津市商工会,経営相談,企業サポート,","<h1 class=""entry-title"">【イベント】第20回しまもと手づくりコミュニティ市出店募集（募集期間：5/1~5/13）</h1>",(不明),"18,978","text/html; charset=UTF-8"
"【イベント】第３９回摂津市民親睦チャリティーゴルフ大会（10/12）（申込終了しました） | 摂津市商工会",https://settsu-sci.jp/archives/5966,応援します。あなたの経営！地域に広げよう摂津市商工会の信頼ネットワーク。大阪府摂津市,"摂津市,摂津市商工会,経営相談,企業サポート,","<h1 class=""entry-title"">【イベント】第３９回摂津市民親睦チャリティーゴルフ大会（10/12）（申込終了しました）</h1>",(不明),"19,227","text/html; charset=UTF-8"
"【イベント】第４０回摂津市民親睦チャリティーゴルフ大会（10/19） | 摂津市商工会",https://settsu-sci.jp/archives/7039,応援します。あなたの経営！地域に広げよう摂津市商工会の信頼ネットワーク。大阪府摂津市,"摂津市,摂津市商工会,経営相談,企業サポート,","<h1 class=""entry-title"">【イベント】第４０回摂津市民親睦チャリティーゴルフ大会（10/19）</h1>",(不明),"21,568","text/html; charset=UTF-8"
"【イベント】南千里丘クリスマスバル開催（12/14） | 摂津市商工会",https://settsu-sci.jp/archives/4302,応援します。あなたの経営！地域に広げよう摂津市商工会の信頼ネットワーク。大阪府摂津市,"摂津市,摂津市商工会,経営相談,企業サポート,","<h1 class=""entry-title"">【イベント】南千里丘クリスマスバル開催（12/14）</h1>",(不明),"18,428","text/html; charset=UTF-8"
"【お詫び】当会からのメール送信障害につきまして | 摂津市商工会",https://settsu-sci.jp/archives/7646,応援します。あなたの経営！地域に広げよう摂津市商工会の信頼ネットワーク。大阪府摂津市,"摂津市,摂津市商工会,経営相談,企業サポート,","<h1 class=""entry-title"">【お詫び】当会からのメール送信障害につきまして</h1>",(不明),"19,702","text/html; charset=UTF-8"
"【サポート】家賃支援給付金サポートキャラバン隊＠摂津市商工会（終了しました） | 摂津市商工会",https://settsu-sci.jp/archives/5342,応援します。あなたの経営！地域に広げよう摂津市商工会の信頼ネットワーク。大阪府摂津市,"摂津市,摂津市商工会,経営相談,企業サポート,","<h1 class=""entry-title"">【サポート】家賃支援給付金サポートキャラバン隊＠摂津市商工会（終了しました）</h1>",(不明),"19,644","text/html; charset=UTF-8"
"【サポート】持続化給付金「申請サポートキャラバン隊」派遣のお知らせ（摂津会場）（終了しました） | 摂津市商工会",https://settsu-sci.jp/archives/4816,応援します。あなたの経営！地域に広げよう摂津市商工会の信頼ネットワーク。大阪府摂津市,"摂津市,摂津市商工会,経営相談,企業サポート,","<h1 class=""entry-title"">【サポート】持続化給付金「申請サポートキャラバン隊」派遣のお知らせ（摂津会場）（終了しました）</h1>",(不明),"20,546","text/html; charset=UTF-8"
"【セミナー】 初めてのＤＸ！個人事業者・小規模法人が知っておく 人に話したくなるＤＸ、９９の知識一挙公開セミナー（7/14） | 摂津市商工会",https://settsu-sci.jp/archives/6745,応援します。あなたの経営！地域に広げよう摂津市商工会の信頼ネットワーク。大阪府摂津市,"摂津市,摂津市商工会,経営相談,企業サポート,","<h1 class=""entry-title"">【セミナー】 初めてのＤＸ！個人事業者・小規模法人が知っておく 人に話したくなるＤＸ、９９の知識一挙公開セミナー（7/14）</h1>",(不明),"19,714","text/html; charset=UTF-8"
"【セミナー】1日で起業のことが全部わかる起業セミナー～売上アップ、融資、人材採用まで初歩の初歩から学べるので安心！～【3/6（月）】 | 摂津市商工会",https://settsu-sci.jp/archives/3169,応援します。あなたの経営！地域に広げよう摂津市商工会の信頼ネットワーク。大阪府摂津市,"摂津市,摂津市商工会,経営相談,企業サポート,","<h1 class=""entry-title"">【セミナー】1日で起業のことが全部わかる起業セミナー～売上アップ、融資、人材採用まで初歩の初歩から学べるので安心！～【3/6（月）】</h1>",(不明),"26,022","text/html; charset=UTF-8"
"【セミナー】ウイズコロナ時代の労務管理と職場環境を考える～テレワーク等の活用と課題～ （3/15） | 摂津市商工会",https://settsu-sci.jp/archives/4491,応援します。あなたの経営！地域に広げよう摂津市商工会の信頼ネットワーク。大阪府摂津市,"摂津市,摂津市商工会,経営相談,企業サポート,","<h1 class=""entry-title"">【セミナー】ウイズコロナ時代の労務管理と職場環境を考える～テレワーク等の活用と課題～ （3/15）</h1>",(不明),"23,456","text/html; charset=UTF-8"
"【セミナー】コロナのピンチをチャンスに変える！自社の強みを生かした新たなビジネスチャンス！補助金申請攻略セミナー（6/13） | 摂津市商工会",https://settsu-sci.jp/archives/6770,応援します。あなたの経営！地域に広げよう摂津市商工会の信頼ネットワーク。大阪府摂津市,"摂津市,摂津市商工会,経営相談,企業サポート,","<h1 class=""entry-title"">【セミナー】コロナのピンチをチャンスに変える！自社の強みを生かした新たなビジネスチャンス！補助金申請攻略セミナー（6/13）</h1>",(不明),"23,872","text/html; charset=UTF-8"
"【セミナー】バイオサイエンスの時代を語ろう ～サラヤの衛生・環境・健康へのチャレンジ！～（第198回彩都バイオサイエンスセミナーin茨木商工会議所）（2/1） | 摂津市商工会",https://settsu-sci.jp/archives/6451,応援します。あなたの経営！地域に広げよう摂津市商工会の信頼ネットワーク。大阪府摂津市,"摂津市,摂津市商工会,経営相談,企業サポート,","<h1 class=""entry-title"">【セミナー】バイオサイエンスの時代を語ろう ～サラヤの衛生・環境・健康へのチャレンジ！～（第198回彩都バイオサイエンスセミナーin茨木商工会議所）（2/1）</h1>",(不明),"19,942","text/html; charset=UTF-8"
"【セミナー】メンタルヘルスセミナー「企業のメンタルヘルス対策 ～コロナ禍の健康経営～」(3/3) | 摂津市商工会",https://settsu-sci.jp/archives/5087,応援します。あなたの経営！地域に広げよう摂津市商工会の信頼ネットワーク。大阪府摂津市,"摂津市,摂津市商工会,経営相談,企業サポート,","<h1 class=""entry-title"">【セミナー】メンタルヘルスセミナー「企業のメンタルヘルス対策 ～コロナ禍の健康経営～」(3/3)</h1>",(不明),"23,675","text/html; charset=UTF-8"
"【セミナー】経営トピックセミナー第1回 「ネットショップを開業するときの出店先の選び方」（＠大阪商工会議所・摂津市商工会・オンライン）（7/6） | 摂津市商工会",https://settsu-sci.jp/archives/6296,応援します。あなたの経営！地域に広げよう摂津市商工会の信頼ネットワーク。大阪府摂津市,"摂津市,摂津市商工会,経営相談,企業サポート,","<h1 class=""entry-title"">【セミナー】経営トピックセミナー第1回 「ネットショップを開業するときの出店先の選び方」（＠大阪商工会議所・摂津市商工会・オンライン）（7/6）</h1>",(不明),"19,526","text/html; charset=UTF-8"
"【セミナー】経営トピックセミナー第2回 「初めてでも安心！ 越境 EC セミナー ～海外販路開拓へチャレンジ！～」（＠大阪商工会議所・摂津市商工会・オンライン）（8/3） | 摂津市商工会",https://settsu-sci.jp/archives/6932,応援します。あなたの経営！地域に広げよう摂津市商工会の信頼ネットワーク。大阪府摂津市,"摂津市,摂津市商工会,経営相談,企業サポート,","<h1 class=""entry-title"">【セミナー】経営トピックセミナー第2回 「初めてでも安心！ 越境 EC セミナー ～海外販路開拓へチャレンジ！～」（＠大阪商工会議所・摂津市商工会・オンライン）（8/3）</h1>",(不明),"19,185","text/html; charset=UTF-8"
"【セミナー】経営トピックセミナー第3回 「中小・小規模事業者向け経営革新セミナー　発想を転換して新しい価値を造ろう」（＠大阪商工会議所・摂津市商工会・オンライン）（8/22） | 摂津市商工会",https://settsu-sci.jp/archives/6992,応援します。あなたの経営！地域に広げよう摂津市商工会の信頼ネットワーク。大阪府摂津市,"摂津市,摂津市商工会,経営相談,企業サポート,","<h1 class=""entry-title"">【セミナー】経営トピックセミナー第3回 「中小・小規模事業者向け経営革新セミナー　発想を転換して新しい価値を造ろう」（＠大阪商工会議所・摂津市商工会・オンライン）（8/22）</h1>",(不明),"25,878","text/html; charset=UTF-8"
"【セミナー】経営トピックセミナー第4回 「小さな会社でもあきらめない！　事業承継・M&amp;Aセミナー」（＠大阪商工会議所・摂津市商工会・オンライン）（9/21） | 摂津市商工会",https://settsu-sci.jp/archives/7167,応援します。あなたの経営！地域に広げよう摂津市商工会の信頼ネットワーク。大阪府摂津市,"摂津市,摂津市商工会,経営相談,企業サポート,","<h1 class=""entry-title"">【セミナー】経営トピックセミナー第4回 「小さな会社でもあきらめない！　事業承継・M&#038;Aセミナー」（＠大阪商工会議所・摂津市商工会・オンライン）（9/21）</h1>",(不明),"20,061","text/html; charset=UTF-8"
"【セミナー】経営トピックセミナー第5回 「実践！応募につながる 求人票の書き方セミナー」（＠大阪商工会議所・摂津市商工会・オンライン）（10/5） | 摂津市商工会",https://settsu-sci.jp/archives/7170,応援します。あなたの経営！地域に広げよう摂津市商工会の信頼ネットワーク。大阪府摂津市,"摂津市,摂津市商工会,経営相談,企業サポート,","<h1 class=""entry-title"">【セミナー】経営トピックセミナー第5回 「実践！応募につながる 求人票の書き方セミナー」（＠大阪商工会議所・摂津市商工会・オンライン）（10/5）</h1>",(不明),"19,842","text/html; charset=UTF-8"
"【セミナー】経営トピックセミナー第6回 「小さな会社のDX／IT化のはじめ方」（＠大阪商工会議所・摂津市商工会・オンライン）（11/9） | 摂津市商工会",https://settsu-sci.jp/archives/7247,応援します。あなたの経営！地域に広げよう摂津市商工会の信頼ネットワーク。大阪府摂津市,"摂津市,摂津市商工会,経営相談,企業サポート,","<h1 class=""entry-title"">【セミナー】経営トピックセミナー第6回 「小さな会社のDX／IT化のはじめ方」（＠大阪商工会議所・摂津市商工会・オンライン）（11/9）</h1>",(不明),"20,996","text/html; charset=UTF-8"
"【セミナー】経営トピックセミナー第7回 「はじめてのプレスリリースセミナー」（＠大阪商工会議所・摂津市商工会・オンライン）（12/6） | 摂津市商工会",https://settsu-sci.jp/archives/5986,応援します。あなたの経営！地域に広げよう摂津市商工会の信頼ネットワーク。大阪府摂津市,"摂津市,摂津市商工会,経営相談,企業サポート,","<h1 class=""entry-title"">【セミナー】経営トピックセミナー第7回 「はじめてのプレスリリースセミナー」（＠大阪商工会議所・摂津市商工会・オンライン）（12/6）</h1>",(不明),"19,437","text/html; charset=UTF-8"
"【セミナー】経営トピックセミナー第7回 「知られて、なんぼ！ 中小・小規模事業者ならではの、情報発信・プレスリリース セミナー」（＠大阪商工会議所・オンライン）（11/30） | 摂津市商工会",https://settsu-sci.jp/archives/7392,応援します。あなたの経営！地域に広げよう摂津市商工会の信頼ネットワーク。大阪府摂津市,"摂津市,摂津市商工会,経営相談,企業サポート,","<h1 class=""entry-title"">【セミナー】経営トピックセミナー第7回 「知られて、なんぼ！ 中小・小規模事業者ならではの、情報発信・プレスリリース セミナー」（＠大阪商工会議所・オンライン）（11/30）</h1>",(不明),"21,483","text/html; charset=UTF-8"
"【セミナー】経営者・後継者が必ず通る「事業承継」の現実を実例から学ぶ　私はこうやって事業を引き継ぎ、「進化」させています＠吹田商工会議所（10/25） | 摂津市商工会",https://settsu-sci.jp/archives/7120,応援します。あなたの経営！地域に広げよう摂津市商工会の信頼ネットワーク。大阪府摂津市,"摂津市,摂津市商工会,経営相談,企業サポート,","<h1 class=""entry-title"">【セミナー】経営者・後継者が必ず通る「事業承継」の現実を実例から学ぶ　私はこうやって事業を引き継ぎ、「進化」させています＠吹田商工会議所（10/25）</h1>",(不明),"25,627","text/html; charset=UTF-8"
"【セミナー】健都における「共創」の取組と入居事業者による講演会【3月18日（金）】 | 摂津市商工会",https://settsu-sci.jp/archives/6578,応援します。あなたの経営！地域に広げよう摂津市商工会の信頼ネットワーク。大阪府摂津市,"摂津市,摂津市商工会,経営相談,企業サポート,","<h1 class=""entry-title"">【セミナー】健都における「共創」の取組と入居事業者による講演会【3月18日（金）】</h1>",(不明),"19,248","text/html; charset=UTF-8"
"【セミナー】採用定着士が教える　いい会社を作ろう！会社の組織風土改革のすすめ　～人材助成金活用編～【10/20（木）】（申込期限：10/17（月）） | 摂津市商工会",https://settsu-sci.jp/archives/4230,応援します。あなたの経営！地域に広げよう摂津市商工会の信頼ネットワーク。大阪府摂津市,"摂津市,摂津市商工会,経営相談,企業サポート,","<h1 class=""entry-title"">【セミナー】採用定着士が教える　いい会社を作ろう！会社の組織風土改革のすすめ　～人材助成金活用編～【10/20（木）】（申込期限：10/17（月））</h1>",(不明),"24,372","text/html; charset=UTF-8"
"【セミナー】災害に強い会社を創る BCP策定セミナー ～災害の被害を抑え事業を早期に復旧する～（7/12） | 摂津市商工会",https://settsu-sci.jp/archives/3780,応援します。あなたの経営！地域に広げよう摂津市商工会の信頼ネットワーク。大阪府摂津市,"摂津市,摂津市商工会,経営相談,企業サポート,","<h1 class=""entry-title"">【セミナー】災害に強い会社を創る BCP策定セミナー ～災害の被害を抑え事業を早期に復旧する～（7/12）</h1>",(不明),"23,656","text/html; charset=UTF-8"
"【セミナー】事業継続計画（BCP）策定セミナー 「脅威に強い組織づくりを応援します」＠高槻商工会議所（R03/1/15） | 摂津市商工会",https://settsu-sci.jp/archives/5366,応援します。あなたの経営！地域に広げよう摂津市商工会の信頼ネットワーク。大阪府摂津市,"摂津市,摂津市商工会,経営相談,企業サポート,","<h1 class=""entry-title"">【セミナー】事業継続計画（BCP）策定セミナー 「脅威に強い組織づくりを応援します」＠高槻商工会議所（R03/1/15）</h1>",(不明),"19,588","text/html; charset=UTF-8"
"【セミナー】事業承継セミナー「ダーウィンの進化論と中小企業の生き残り術」（8/23・9/2・10/5） | 摂津市商工会",https://settsu-sci.jp/archives/4912,応援します。あなたの経営！地域に広げよう摂津市商工会の信頼ネットワーク。大阪府摂津市,"摂津市,摂津市商工会,経営相談,企業サポート,","<h1 class=""entry-title"">【セミナー】事業承継セミナー「ダーウィンの進化論と中小企業の生き残り術」（8/23・9/2・10/5）</h1>",(不明),"31,529","text/html; charset=UTF-8"
"【セミナー】次世代のバイオロジカルクリーンルームを考える～微生物迅速測定法の活用～  アース環境サービス株式会社彩都総合研究所 講演・見学・交流会（3/16） | 摂津市商工会",https://settsu-sci.jp/archives/7730,応援します。あなたの経営！地域に広げよう摂津市商工会の信頼ネットワーク。大阪府摂津市,"摂津市,摂津市商工会,経営相談,企業サポート,","<h1 class=""entry-title"">【セミナー】次世代のバイオロジカルクリーンルームを考える～微生物迅速測定法の活用～  アース環境サービス株式会社彩都総合研究所 講演・見学・交流会（3/16）</h1>",(不明),"25,295","text/html; charset=UTF-8"
"【セミナー】受動喫煙防止対策セミナー（2020/2/10） | 摂津市商工会",https://settsu-sci.jp/archives/4315,応援します。あなたの経営！地域に広げよう摂津市商工会の信頼ネットワーク。大阪府摂津市,"摂津市,摂津市商工会,経営相談,企業サポート,","<h1 class=""entry-title"">【セミナー】受動喫煙防止対策セミナー（2020/2/10）</h1>",(不明),"21,774","text/html; charset=UTF-8"
"【セミナー】女性のチャレンジを応援！わたしにもできる♪夢をかなえる第一歩♪創業支援セミナー(2/1・2/17) | 摂津市商工会",https://settsu-sci.jp/archives/3462,応援します。あなたの経営！地域に広げよう摂津市商工会の信頼ネットワーク。大阪府摂津市,"摂津市,摂津市商工会,経営相談,企業サポート,","<h1 class=""entry-title"">【セミナー】女性のチャレンジを応援！わたしにもできる♪夢をかなえる第一歩♪創業支援セミナー(2/1・2/17)</h1>",(不明),"19,239","text/html; charset=UTF-8"
"【セミナー】消費税基礎編　インボイス制度説明会　～インボイス制度って知ってる？全業種に関係ありますよ！～ | 摂津市商工会",https://settsu-sci.jp/archives/6386,応援します。あなたの経営！地域に広げよう摂津市商工会の信頼ネットワーク。大阪府摂津市,"摂津市,摂津市商工会,経営相談,企業サポート,","<h1 class=""entry-title"">【セミナー】消費税基礎編　インボイス制度説明会　～インボイス制度って知ってる？全業種に関係ありますよ！～</h1>",(不明),"23,458","text/html; charset=UTF-8"
"【セミナー】消費税転嫁対策のために行う　Web活用（SNS等）入門セミナー（2020/1/17） | 摂津市商工会",https://settsu-sci.jp/archives/4363,応援します。あなたの経営！地域に広げよう摂津市商工会の信頼ネットワーク。大阪府摂津市,"摂津市,摂津市商工会,経営相談,企業サポート,","<h1 class=""entry-title"">【セミナー】消費税転嫁対策のために行う　Web活用（SNS等）入門セミナー（2020/1/17）</h1>",(不明),"22,173","text/html; charset=UTF-8"
"【セミナー】消費税転嫁対策のために行う　タモリさんに学ぶ！仕事でつかえる雑談術（2020/1/20） | 摂津市商工会",https://settsu-sci.jp/archives/4366,応援します。あなたの経営！地域に広げよう摂津市商工会の信頼ネットワーク。大阪府摂津市,"摂津市,摂津市商工会,経営相談,企業サポート,","<h1 class=""entry-title"">【セミナー】消費税転嫁対策のために行う　タモリさんに学ぶ！仕事でつかえる雑談術（2020/1/20）</h1>",(不明),"22,386","text/html; charset=UTF-8"
"【セミナー】人材確保定着セミナー（2/14） | 摂津市商工会",https://settsu-sci.jp/archives/5101,応援します。あなたの経営！地域に広げよう摂津市商工会の信頼ネットワーク。大阪府摂津市,"摂津市,摂津市商工会,経営相談,企業サポート,","<h1 class=""entry-title"">【セミナー】人材確保定着セミナー（2/14）</h1>",(不明),"25,854","text/html; charset=UTF-8"
"【セミナー】全3回コロナに負けず売上アップ・新事業展開につなげる！仕事の見える化セミナー（1/30、2/6、2/13） | 摂津市商工会",https://settsu-sci.jp/archives/6245,応援します。あなたの経営！地域に広げよう摂津市商工会の信頼ネットワーク。大阪府摂津市,"摂津市,摂津市商工会,経営相談,企業サポート,","<h1 class=""entry-title"">【セミナー】<b><span style=""color: #ff6600;"">全3回</span></b>コロナに負けず売上アップ・新事業展開につなげる！<b>仕事の見える化セミナー</b>（1/30、2/6、2/13）</h1>",(不明),"30,108","text/html; charset=UTF-8"
"【セミナー】大阪三島地域で創業を目指すセミナー～摂津市、高槻市、茨木市、島本町、吹田市で創業しよう！～（7/6） | 摂津市商工会",https://settsu-sci.jp/archives/6732,応援します。あなたの経営！地域に広げよう摂津市商工会の信頼ネットワーク。大阪府摂津市,"摂津市,摂津市商工会,経営相談,企業サポート,","<h1 class=""entry-title"">【セミナー】大阪三島地域で創業を目指すセミナー～摂津市、高槻市、茨木市、島本町、吹田市で創業しよう！～（7/6）</h1>",(不明),"19,383","text/html; charset=UTF-8"
"【セミナー】地域を元気にするための！ クラウドファンディング活用術 &amp; ぶっちゃけトーク会（2/8） | 摂津市商工会",https://settsu-sci.jp/archives/6671,応援します。あなたの経営！地域に広げよう摂津市商工会の信頼ネットワーク。大阪府摂津市,"摂津市,摂津市商工会,経営相談,企業サポート,","<h1 class=""entry-title"">【セミナー】地域を元気にするための！ クラウドファンディング活用術 &#038; ぶっちゃけトーク会（2/8）</h1>",(不明),"19,133","text/html; charset=UTF-8"
"【セミナー】中小企業のための生産性向上セミナー「コロナ禍で分かった次世代の働き方 RPA活用で業務効率化を実現」（11/17） | 摂津市商工会",https://settsu-sci.jp/archives/5354,応援します。あなたの経営！地域に広げよう摂津市商工会の信頼ネットワーク。大阪府摂津市,"摂津市,摂津市商工会,経営相談,企業サポート,","<h1 class=""entry-title"">【セミナー】中小企業のための生産性向上セミナー「コロナ禍で分かった次世代の働き方 RPA活用で業務効率化を実現」（11/17）</h1>",(不明),"19,598","text/html; charset=UTF-8"
"【セミナー】中小企業も個人事業主も誰でもできる！クラウドファンディングにチャレンジ！クラウドファンディング活用セミナー（R5/2/1） | 摂津市商工会",https://settsu-sci.jp/archives/3456,応援します。あなたの経営！地域に広げよう摂津市商工会の信頼ネットワーク。大阪府摂津市,"摂津市,摂津市商工会,経営相談,企業サポート,","<h1 class=""entry-title"">【セミナー】中小企業も個人事業主も誰でもできる！クラウドファンディングにチャレンジ！クラウドファンディング活用セミナー（R5/2/1）</h1>",(不明),"26,241","text/html; charset=UTF-8"
"【セミナー】動画de人材確保　求人動画の作り方～動画で自社をプレゼン！～（3/7） | 摂津市商工会",https://settsu-sci.jp/archives/5519,応援します。あなたの経営！地域に広げよう摂津市商工会の信頼ネットワーク。大阪府摂津市,"摂津市,摂津市商工会,経営相談,企業サポート,","<h1 class=""entry-title"">【セミナー】動画de人材確保　求人動画の作り方～動画で自社をプレゼン！～（3/7）</h1>",(不明),"19,666","text/html; charset=UTF-8"
"【セミナー】任せる技術～わかっているようで、わかっていないリーダーの基本～（3/2） | 摂津市商工会",https://settsu-sci.jp/archives/4462,応援します。あなたの経営！地域に広げよう摂津市商工会の信頼ネットワーク。大阪府摂津市,"摂津市,摂津市商工会,経営相談,企業サポート,","<h1 class=""entry-title"">【セミナー】任せる技術～わかっているようで、わかっていないリーダーの基本～（3/2）</h1>",(不明),"23,041","text/html; charset=UTF-8"
"【セミナー】労働保険・社会保険対応　労働法改正セミナー～労務担当者が知っておくべきこと～（9/26、10/4、10/13） | 摂津市商工会",https://settsu-sci.jp/archives/3654,応援します。あなたの経営！地域に広げよう摂津市商工会の信頼ネットワーク。大阪府摂津市,"摂津市,摂津市商工会,経営相談,企業サポート,","<h1 class=""entry-title"">【セミナー】労働保険・社会保険対応　労働法改正セミナー～労務担当者が知っておくべきこと～（9/26、10/4、10/13）</h1>",(不明),"25,812","text/html; charset=UTF-8"
"【海外へ商品販売したい方】無料出店登録可能！ ZenPlus出店事業者募集（摂津市商工会×ゼンマーケット㈱） | 摂津市商工会",https://settsu-sci.jp/archives/5212,応援します。あなたの経営！地域に広げよう摂津市商工会の信頼ネットワーク。大阪府摂津市,"摂津市,摂津市商工会,経営相談,企業サポート,","<h1 class=""entry-title"">【海外へ商品販売したい方】無料出店登録可能！ ZenPlus出店事業者募集（摂津市商工会×ゼンマーケット㈱）</h1>",(不明),"20,656","text/html; charset=UTF-8"
"【給付金】（会員の皆様へ）「緊急事態宣言の影響緩和に係る一時支援金」申請のための「事前確認」について | 摂津市商工会",https://settsu-sci.jp/archives/5706,応援します。あなたの経営！地域に広げよう摂津市商工会の信頼ネットワーク。大阪府摂津市,"摂津市,摂津市商工会,経営相談,企業サポート,","<h1 class=""entry-title"">【給付金】（会員の皆様へ）「緊急事態宣言の影響緩和に係る一時支援金」申請のための「事前確認」について</h1>",(不明),"23,713","text/html; charset=UTF-8"
"【給付金】（会員の皆様へ）「緊急事態措置又はまん延防止等重点措置の影響緩和に係る月次支援金」申請のための「事前確認」について | 摂津市商工会",https://settsu-sci.jp/archives/5831,応援します。あなたの経営！地域に広げよう摂津市商工会の信頼ネットワーク。大阪府摂津市,"摂津市,摂津市商工会,経営相談,企業サポート,","<h1 class=""entry-title"">【給付金】（会員の皆様へ）「緊急事態措置又はまん延防止等重点措置の影響緩和に係る月次支援金」申請のための「事前確認」について</h1>",(不明),"23,154","text/html; charset=UTF-8"
"【緊急】台風接近に伴う9月20日（火）健康診断の実施判断について | 摂津市商工会",https://settsu-sci.jp/archives/7198,応援します。あなたの経営！地域に広げよう摂津市商工会の信頼ネットワーク。大阪府摂津市,"摂津市,摂津市商工会,経営相談,企業サポート,","<h1 class=""entry-title""><b><span style=""color: #ff0000;"">【緊急】台風接近に伴う9月20日（火）健康診断の実施判断について</span></b></h1>",(不明),"19,964","text/html; charset=UTF-8"
"【交流会】SDGｓビジネス交流会「これからの時代を考える、ビジネスのヒントがここにあります！」（11/16） | 摂津市商工会",https://settsu-sci.jp/archives/5329,応援します。あなたの経営！地域に広げよう摂津市商工会の信頼ネットワーク。大阪府摂津市,"摂津市,摂津市商工会,経営相談,企業サポート,","<h1 class=""entry-title"">【交流会】SDGｓビジネス交流会「これからの時代を考える、ビジネスのヒントがここにあります！」（11/16）</h1>",(不明),"23,399","text/html; charset=UTF-8"
"【交流会】アフターコロナはSDGsで乗り切る～「ないものねだり」から『あるもの探し』へ～（9/15） | 摂津市商工会",https://settsu-sci.jp/archives/5018,応援します。あなたの経営！地域に広げよう摂津市商工会の信頼ネットワーク。大阪府摂津市,"摂津市,摂津市商工会,経営相談,企業サポート,","<h1 class=""entry-title"">【交流会】アフターコロナはSDGsで乗り切る～「ないものねだり」から『あるもの探し』へ～（9/15）</h1>",(不明),"23,281","text/html; charset=UTF-8"
"【交流会】つながろう！逆風を跳ね返す　匠企業の底力！！ 「匠企業ノウハウ交流会」参加企業 大募集！（10/4） | 摂津市商工会",https://settsu-sci.jp/archives/7109,応援します。あなたの経営！地域に広げよう摂津市商工会の信頼ネットワーク。大阪府摂津市,"摂津市,摂津市商工会,経営相談,企業サポート,","<h1 class=""entry-title"">【交流会】つながろう！逆風を跳ね返す　匠企業の底力！！ 「匠企業ノウハウ交流会」参加企業 大募集！（10/4）</h1>",(不明),"19,720","text/html; charset=UTF-8"
"【交流会】北摂地域連携！起業家×企業家交流会！　自社の魅力発見と共創による価値創造 ～新たな事業発掘とまちづくり～（12/7、12/21、1/13、1/31） | 摂津市商工会",https://settsu-sci.jp/archives/3589,応援します。あなたの経営！地域に広げよう摂津市商工会の信頼ネットワーク。大阪府摂津市,"摂津市,摂津市商工会,経営相談,企業サポート,","<h1 class=""entry-title""><span style=""color: #ff9900;"">【交流会】北摂地域連携！</span><span style=""color: #29ab41;"">起業家×企業家交流会！</span>　<span style=""color: #ff9900;"">自社</span></span><span style=""color: #29ab41;"">の</span><span style=""color: #ff9900;"">魅力発見</span></span><span style=""color: #29ab41;"">と</span><span style=""color: #ff9900;"">共創</span></span><span style=""color: #29ab41;"">による</span><span style=""color: #ff9900;"">価値創造 ～新たな事業発掘とまちづくり～</span>（12/7、12/21、1/13、1/31）</h1>",(不明),"35,739","text/html; charset=UTF-8"
"【支援金】（会員の皆様へ）「コロナの影響を受けた事業の継続・回復を支援に係る事業復活支援金」申請のための「事前確認」について | 摂津市商工会",https://settsu-sci.jp/archives/6499,応援します。あなたの経営！地域に広げよう摂津市商工会の信頼ネットワーク。大阪府摂津市,"摂津市,摂津市商工会,経営相談,企業サポート,","<h1 class=""entry-title"">【支援金】（会員の皆様へ）「コロナの影響を受けた事業の継続・回復を支援に係る事業復活支援金」申請のための「事前確認」について</h1>",(不明),"24,049","text/html; charset=UTF-8"
"【事業所さま向け】新型コロナウイルスに関する支援策・緊急融資等の情報（令和2年7月14日現在） | 摂津市商工会",https://settsu-sci.jp/archives/4587,応援します。あなたの経営！地域に広げよう摂津市商工会の信頼ネットワーク。大阪府摂津市,"摂津市,摂津市商工会,経営相談,企業サポート,","<h1 class=""entry-title"">【事業所さま向け】新型コロナウイルスに関する支援策・緊急融資等の情報（令和2年7月14日現在）</h1>",(不明),"21,736","text/html; charset=UTF-8"
"【説明会】インボイス制度説明会のご案内（1/26,1/27,2/7,2/8） | 摂津市商工会",https://settsu-sci.jp/archives/7615,応援します。あなたの経営！地域に広げよう摂津市商工会の信頼ネットワーク。大阪府摂津市,"摂津市,摂津市商工会,経営相談,企業サポート,","<h1 class=""entry-title"">【説明会】インボイス制度説明会のご案内（1/26,1/27,2/7,2/8）</h1>",(不明),"19,218","text/html; charset=UTF-8"
"【相談会】年末資金のご準備に！一日金融相談会（11/13） | 摂津市商工会",https://settsu-sci.jp/archives/4240,応援します。あなたの経営！地域に広げよう摂津市商工会の信頼ネットワーク。大阪府摂津市,"摂津市,摂津市商工会,経営相談,企業サポート,","<h1 class=""entry-title"">【相談会】年末資金のご準備に！一日金融相談会（11/13）</h1>",(不明),"24,183","text/html; charset=UTF-8"
"【訂正】摂津市商工会12月の法律相談日について　※正しくは12月25日（金）※ | 摂津市商工会",https://settsu-sci.jp/archives/5468,応援します。あなたの経営！地域に広げよう摂津市商工会の信頼ネットワーク。大阪府摂津市,"摂津市,摂津市商工会,経営相談,企業サポート,","<h1 class=""entry-title"">【訂正】摂津市商工会12月の法律相談日について　※正しくは12月25日（金）※</h1>",(不明),"18,983","text/html; charset=UTF-8"
"【報告会】摂津ビジネスサポートセンター　開設１年目の活動報告会（7/27（水）） | 摂津市商工会",https://settsu-sci.jp/archives/6862,応援します。あなたの経営！地域に広げよう摂津市商工会の信頼ネットワーク。大阪府摂津市,"摂津市,摂津市商工会,経営相談,企業サポート,","<h1 class=""entry-title"">【報告会】摂津ビジネスサポートセンター　開設１年目の活動報告会（7/27（水））</h1>",(不明),"28,163","text/html; charset=UTF-8"
"★年末年始休業日のおしらせ★ | 摂津市商工会",https://settsu-sci.jp/archives/1049,応援します。あなたの経営！地域に広げよう摂津市商工会の信頼ネットワーク。大阪府摂津市,"摂津市,摂津市商工会,経営相談,企業サポート,","<h1 class=""entry-title""><b><center>★年末年始休業日のおしらせ★</center></b></h1>",(不明),"18,929","text/html; charset=UTF-8"
"BCP策定セミナー（10/29）アンケート | 摂津市商工会",https://settsu-sci.jp/archives/5323,応援します。あなたの経営！地域に広げよう摂津市商工会の信頼ネットワーク。大阪府摂津市,"摂津市,摂津市商工会,経営相談,企業サポート,","<h1 class=""entry-title"">BCP策定セミナー（10/29）アンケート</h1>",(不明),"27,227","text/html; charset=UTF-8"
"CSRセミナー 「土地差別調査の規制条例について」(3/7) | 摂津市商工会",https://settsu-sci.jp/archives/1118,応援します。あなたの経営！地域に広げよう摂津市商工会の信頼ネットワーク。大阪府摂津市,"摂津市,摂津市商工会,経営相談,企業サポート,","<h1 class=""entry-title"">CSRセミナー 「土地差別調査の規制条例について」(3/7)</h1>",(不明),"22,385","text/html; charset=UTF-8"
"ＣＳＲセミナー 外国人雇用と企業の責任?人権と多様性配慮の取組みに向けて～（3/12） | 摂津市商工会",https://settsu-sci.jp/archives/3538,応援します。あなたの経営！地域に広げよう摂津市商工会の信頼ネットワーク。大阪府摂津市,"摂津市,摂津市商工会,経営相談,企業サポート,","<h1 class=""entry-title"">ＣＳＲセミナー 外国人雇用と企業の責任?人権と多様性配慮の取組みに向けて～（3/12）</h1>",(不明),"22,916","text/html; charset=UTF-8"
"CSRセミナー　社員のやる気が業績向上につながる！「社員のエンパワメントを活用した企業の組織活性化」（3/4） | 摂津市商工会",https://settsu-sci.jp/archives/1933,応援します。あなたの経営！地域に広げよう摂津市商工会の信頼ネットワーク。大阪府摂津市,"摂津市,摂津市商工会,経営相談,企業サポート,","<h1 class=""entry-title"">CSRセミナー　社員のやる気が業績向上につながる！「社員のエンパワメントを活用した企業の組織活性化」（3/4）</h1>",(不明),"23,160","text/html; charset=UTF-8"
"ＣＳＲセミナー　障がい者雇用と人権～雇用分野における障がい者差別の禁止～（2/28） | 摂津市商工会",https://settsu-sci.jp/archives/3020,応援します。あなたの経営！地域に広げよう摂津市商工会の信頼ネットワーク。大阪府摂津市,"摂津市,摂津市商工会,経営相談,企業サポート,","<h1 class=""entry-title"">ＣＳＲセミナー　障がい者雇用と人権～雇用分野における障がい者差別の禁止～（2/28）</h1>",(不明),"22,950","text/html; charset=UTF-8"
"Earth 出店詳細情報　?チャレンジショップin千里丘ことぶき商店街? | 摂津市商工会",https://settsu-sci.jp/archives/2784,応援します。あなたの経営！地域に広げよう摂津市商工会の信頼ネットワーク。大阪府摂津市,"摂津市,摂津市商工会,経営相談,企業サポート,","<h1 class=""entry-title"">Earth 出店詳細情報　?チャレンジショップin千里丘ことぶき商店街?</h1>",(不明),"27,260","text/html; charset=UTF-8"
"GW休業日のおしらせ(4/27?5/6） | 摂津市商工会",https://settsu-sci.jp/archives/3970,応援します。あなたの経営！地域に広げよう摂津市商工会の信頼ネットワーク。大阪府摂津市,"摂津市,摂津市商工会,経営相談,企業サポート,","<h1 class=""entry-title"">GW休業日のおしらせ(4/27?5/6）</h1>",(不明),"18,926","text/html; charset=UTF-8"
"HAPPINESS 出店者紹介　?チャレンジショップin千里丘ことぶき商店街? | 摂津市商工会",https://settsu-sci.jp/archives/2921,応援します。あなたの経営！地域に広げよう摂津市商工会の信頼ネットワーク。大阪府摂津市,"摂津市,摂津市商工会,経営相談,企業サポート,","<h1 class=""entry-title"">HAPPINESS 出店者紹介　?チャレンジショップin千里丘ことぶき商店街?</h1>",(不明),"20,643","text/html; charset=UTF-8"
"Q＆A | 摂津市商工会",https://settsu-sci.jp/faq,応援します。あなたの経営！地域に広げよう摂津市商工会の信頼ネットワーク。大阪府摂津市,"摂津市,摂津市商工会,経営相談,企業サポート,","<h1 class=""entry-title"">Q＆A</h1>",(不明),"16,358","text/html; charset=UTF-8"
"SB/CB（ソーシャルビジネス／コミュニティビジネス）ビジネスマッチング交流会２０１９（8/23） | 摂津市商工会",https://settsu-sci.jp/archives/3333,応援します。あなたの経営！地域に広げよう摂津市商工会の信頼ネットワーク。大阪府摂津市,"摂津市,摂津市商工会,経営相談,企業サポート,","<h1 class=""entry-title"">SB/CB（ソーシャルビジネス／コミュニティビジネス）ビジネスマッチング交流会２０１９（8/23）</h1>",(不明),"19,240","text/html; charset=UTF-8"
"shimauchi | 摂津市商工会",https://settsu-sci.jp/archives/author/shimauchi,応援します。あなたの経営！地域に広げよう摂津市商工会の信頼ネットワーク。大阪府摂津市,"摂津市,摂津市商工会,経営相談,企業サポート,","<h1 class=""page-title author"">作成者別アーカイブ: <span class='vcard'><a class='url fn n' href='https://settsu-sci.jp/archives/author/shimauchi' title='shimauchi' rel='me'>shimauchi</a></span></h1>",(不明),"33,742","text/html; charset=UTF-8"
"shimauchi | 摂津市商工会 | ページ 10",https://settsu-sci.jp/archives/author/shimauchi/page/10,応援します。あなたの経営！地域に広げよう摂津市商工会の信頼ネットワーク。大阪府摂津市,"摂津市,摂津市商工会,経営相談,企業サポート,","<h1 class=""page-title author"">作成者別アーカイブ: <span class='vcard'><a class='url fn n' href='https://settsu-sci.jp/archives/author/shimauchi' title='shimauchi' rel='me'>shimauchi</a></span></h1>",(不明),"33,132","text/html; charset=UTF-8"
"shimauchi | 摂津市商工会 | ページ 11",https://settsu-sci.jp/archives/author/shimauchi/page/11,応援します。あなたの経営！地域に広げよう摂津市商工会の信頼ネットワーク。大阪府摂津市,"摂津市,摂津市商工会,経営相談,企業サポート,","<h1 class=""page-title author"">作成者別アーカイブ: <span class='vcard'><a class='url fn n' href='https://settsu-sci.jp/archives/author/shimauchi' title='shimauchi' rel='me'>shimauchi</a></span></h1>",(不明),"33,046","text/html; charset=UTF-8"
"shimauchi | 摂津市商工会 | ページ 12",https://settsu-sci.jp/archives/author/shimauchi/page/12,応援します。あなたの経営！地域に広げよう摂津市商工会の信頼ネットワーク。大阪府摂津市,"摂津市,摂津市商工会,経営相談,企業サポート,","<h1 class=""page-title author"">作成者別アーカイブ: <span class='vcard'><a class='url fn n' href='https://settsu-sci.jp/archives/author/shimauchi' title='shimauchi' rel='me'>shimauchi</a></span></h1>",(不明),"33,244","text/html; charset=UTF-8"
"shimauchi | 摂津市商工会 | ページ 13",https://settsu-sci.jp/archives/author/shimauchi/page/13,応援します。あなたの経営！地域に広げよう摂津市商工会の信頼ネットワーク。大阪府摂津市,"摂津市,摂津市商工会,経営相談,企業サポート,","<h1 class=""page-title author"">作成者別アーカイブ: <span class='vcard'><a class='url fn n' href='https://settsu-sci.jp/archives/author/shimauchi' title='shimauchi' rel='me'>shimauchi</a></span></h1>",(不明),"32,614","text/html; charset=UTF-8"
"shimauchi | 摂津市商工会 | ページ 14",https://settsu-sci.jp/archives/author/shimauchi/page/14,応援します。あなたの経営！地域に広げよう摂津市商工会の信頼ネットワーク。大阪府摂津市,"摂津市,摂津市商工会,経営相談,企業サポート,","<h1 class=""page-title author"">作成者別アーカイブ: <span class='vcard'><a class='url fn n' href='https://settsu-sci.jp/archives/author/shimauchi' title='shimauchi' rel='me'>shimauchi</a></span></h1>",(不明),"32,943","text/html; charset=UTF-8"
"shimauchi | 摂津市商工会 | ページ 15",https://settsu-sci.jp/archives/author/shimauchi/page/15,応援します。あなたの経営！地域に広げよう摂津市商工会の信頼ネットワーク。大阪府摂津市,"摂津市,摂津市商工会,経営相談,企業サポート,","<h1 class=""page-title author"">作成者別アーカイブ: <span class='vcard'><a class='url fn n' href='https://settsu-sci.jp/archives/author/shimauchi' title='shimauchi' rel='me'>shimauchi</a></span></h1>",(不明),"33,797","text/html; charset=UTF-8"
"shimauchi | 摂津市商工会 | ページ 16",https://settsu-sci.jp/archives/author/shimauchi/page/16,応援します。あなたの経営！地域に広げよう摂津市商工会の信頼ネットワーク。大阪府摂津市,"摂津市,摂津市商工会,経営相談,企業サポート,","<h1 class=""page-title author"">作成者別アーカイブ: <span class='vcard'><a class='url fn n' href='https://settsu-sci.jp/archives/author/shimauchi' title='shimauchi' rel='me'>shimauchi</a></span></h1>",(不明),"32,550","text/html; charset=UTF-8"
"shimauchi | 摂津市商工会 | ページ 17",https://settsu-sci.jp/archives/author/shimauchi/page/17,応援します。あなたの経営！地域に広げよう摂津市商工会の信頼ネットワーク。大阪府摂津市,"摂津市,摂津市商工会,経営相談,企業サポート,","<h1 class=""page-title author"">作成者別アーカイブ: <span class='vcard'><a class='url fn n' href='https://settsu-sci.jp/archives/author/shimauchi' title='shimauchi' rel='me'>shimauchi</a></span></h1>",(不明),"33,267","text/html; charset=UTF-8"
"shimauchi | 摂津市商工会 | ページ 18",https://settsu-sci.jp/archives/author/shimauchi/page/18,応援します。あなたの経営！地域に広げよう摂津市商工会の信頼ネットワーク。大阪府摂津市,"摂津市,摂津市商工会,経営相談,企業サポート,","<h1 class=""page-title author"">作成者別アーカイブ: <span class='vcard'><a class='url fn n' href='https://settsu-sci.jp/archives/author/shimauchi' title='shimauchi' rel='me'>shimauchi</a></span></h1>",(不明),"32,483","text/html; charset=UTF-8"
"shimauchi | 摂津市商工会 | ページ 19",https://settsu-sci.jp/archives/author/shimauchi/page/19,応援します。あなたの経営！地域に広げよう摂津市商工会の信頼ネットワーク。大阪府摂津市,"摂津市,摂津市商工会,経営相談,企業サポート,","<h1 class=""page-title author"">作成者別アーカイブ: <span class='vcard'><a class='url fn n' href='https://settsu-sci.jp/archives/author/shimauchi' title='shimauchi' rel='me'>shimauchi</a></span></h1>",(不明),"32,982","text/html; charset=UTF-8"
"shimauchi | 摂津市商工会 | ページ 2",https://settsu-sci.jp/archives/author/shimauchi/page/2,応援します。あなたの経営！地域に広げよう摂津市商工会の信頼ネットワーク。大阪府摂津市,"摂津市,摂津市商工会,経営相談,企業サポート,","<h1 class=""page-title author"">作成者別アーカイブ: <span class='vcard'><a class='url fn n' href='https://settsu-sci.jp/archives/author/shimauchi' title='shimauchi' rel='me'>shimauchi</a></span></h1>",(不明),"34,066","text/html; charset=UTF-8"
"shimauchi | 摂津市商工会 | ページ 20",https://settsu-sci.jp/archives/author/shimauchi/page/20,応援します。あなたの経営！地域に広げよう摂津市商工会の信頼ネットワーク。大阪府摂津市,"摂津市,摂津市商工会,経営相談,企業サポート,","<h1 class=""page-title author"">作成者別アーカイブ: <span class='vcard'><a class='url fn n' href='https://settsu-sci.jp/archives/author/shimauchi' title='shimauchi' rel='me'>shimauchi</a></span></h1>",(不明),"33,082","text/html; charset=UTF-8"
"shimauchi | 摂津市商工会 | ページ 21",https://settsu-sci.jp/archives/author/shimauchi/page/21,応援します。あなたの経営！地域に広げよう摂津市商工会の信頼ネットワーク。大阪府摂津市,"摂津市,摂津市商工会,経営相談,企業サポート,","<h1 class=""page-title author"">作成者別アーカイブ: <span class='vcard'><a class='url fn n' href='https://settsu-sci.jp/archives/author/shimauchi' title='shimauchi' rel='me'>shimauchi</a></span></h1>",(不明),"31,775","text/html; charset=UTF-8"
"shimauchi | 摂津市商工会 | ページ 22",https://settsu-sci.jp/archives/author/shimauchi/page/22,応援します。あなたの経営！地域に広げよう摂津市商工会の信頼ネットワーク。大阪府摂津市,"摂津市,摂津市商工会,経営相談,企業サポート,","<h1 class=""page-title author"">作成者別アーカイブ: <span class='vcard'><a class='url fn n' href='https://settsu-sci.jp/archives/author/shimauchi' title='shimauchi' rel='me'>shimauchi</a></span></h1>",(不明),"32,216","text/html; charset=UTF-8"
"shimauchi | 摂津市商工会 | ページ 23",https://settsu-sci.jp/archives/author/shimauchi/page/23,応援します。あなたの経営！地域に広げよう摂津市商工会の信頼ネットワーク。大阪府摂津市,"摂津市,摂津市商工会,経営相談,企業サポート,","<h1 class=""page-title author"">作成者別アーカイブ: <span class='vcard'><a class='url fn n' href='https://settsu-sci.jp/archives/author/shimauchi' title='shimauchi' rel='me'>shimauchi</a></span></h1>",(不明),"31,802","text/html; charset=UTF-8"
"shimauchi | 摂津市商工会 | ページ 24",https://settsu-sci.jp/archives/author/shimauchi/page/24,応援します。あなたの経営！地域に広げよう摂津市商工会の信頼ネットワーク。大阪府摂津市,"摂津市,摂津市商工会,経営相談,企業サポート,","<h1 class=""page-title author"">作成者別アーカイブ: <span class='vcard'><a class='url fn n' href='https://settsu-sci.jp/archives/author/shimauchi' title='shimauchi' rel='me'>shimauchi</a></span></h1>",(不明),"30,928","text/html; charset=UTF-8"
"shimauchi | 摂津市商工会 | ページ 25",https://settsu-sci.jp/archives/author/shimauchi/page/25,応援します。あなたの経営！地域に広げよう摂津市商工会の信頼ネットワーク。大阪府摂津市,"摂津市,摂津市商工会,経営相談,企業サポート,","<h1 class=""page-title author"">作成者別アーカイブ: <span class='vcard'><a class='url fn n' href='https://settsu-sci.jp/archives/author/shimauchi' title='shimauchi' rel='me'>shimauchi</a></span></h1>",(不明),"20,548","text/html; charset=UTF-8"
"shimauchi | 摂津市商工会 | ページ 3",https://settsu-sci.jp/archives/author/shimauchi/page/3,応援します。あなたの経営！地域に広げよう摂津市商工会の信頼ネットワーク。大阪府摂津市,"摂津市,摂津市商工会,経営相談,企業サポート,","<h1 class=""page-title author"">作成者別アーカイブ: <span class='vcard'><a class='url fn n' href='https://settsu-sci.jp/archives/author/shimauchi' title='shimauchi' rel='me'>shimauchi</a></span></h1>",(不明),"34,906","text/html; charset=UTF-8"
"shimauchi | 摂津市商工会 | ページ 4",https://settsu-sci.jp/archives/author/shimauchi/page/4,応援します。あなたの経営！地域に広げよう摂津市商工会の信頼ネットワーク。大阪府摂津市,"摂津市,摂津市商工会,経営相談,企業サポート,","<h1 class=""page-title author"">作成者別アーカイブ: <span class='vcard'><a class='url fn n' href='https://settsu-sci.jp/archives/author/shimauchi' title='shimauchi' rel='me'>shimauchi</a></span></h1>",(不明),"34,606","text/html; charset=UTF-8"
"shimauchi | 摂津市商工会 | ページ 5",https://settsu-sci.jp/archives/author/shimauchi/page/5,応援します。あなたの経営！地域に広げよう摂津市商工会の信頼ネットワーク。大阪府摂津市,"摂津市,摂津市商工会,経営相談,企業サポート,","<h1 class=""page-title author"">作成者別アーカイブ: <span class='vcard'><a class='url fn n' href='https://settsu-sci.jp/archives/author/shimauchi' title='shimauchi' rel='me'>shimauchi</a></span></h1>",(不明),"33,280","text/html; charset=UTF-8"
"shimauchi | 摂津市商工会 | ページ 6",https://settsu-sci.jp/archives/author/shimauchi/page/6,応援します。あなたの経営！地域に広げよう摂津市商工会の信頼ネットワーク。大阪府摂津市,"摂津市,摂津市商工会,経営相談,企業サポート,","<h1 class=""page-title author"">作成者別アーカイブ: <span class='vcard'><a class='url fn n' href='https://settsu-sci.jp/archives/author/shimauchi' title='shimauchi' rel='me'>shimauchi</a></span></h1>",(不明),"33,911","text/html; charset=UTF-8"
"shimauchi | 摂津市商工会 | ページ 7",https://settsu-sci.jp/archives/author/shimauchi/page/7,応援します。あなたの経営！地域に広げよう摂津市商工会の信頼ネットワーク。大阪府摂津市,"摂津市,摂津市商工会,経営相談,企業サポート,","<h1 class=""page-title author"">作成者別アーカイブ: <span class='vcard'><a class='url fn n' href='https://settsu-sci.jp/archives/author/shimauchi' title='shimauchi' rel='me'>shimauchi</a></span></h1>",(不明),"31,787","text/html; charset=UTF-8"
"shimauchi | 摂津市商工会 | ページ 8",https://settsu-sci.jp/archives/author/shimauchi/page/8,応援します。あなたの経営！地域に広げよう摂津市商工会の信頼ネットワーク。大阪府摂津市,"摂津市,摂津市商工会,経営相談,企業サポート,","<h1 class=""page-title author"">作成者別アーカイブ: <span class='vcard'><a class='url fn n' href='https://settsu-sci.jp/archives/author/shimauchi' title='shimauchi' rel='me'>shimauchi</a></span></h1>",(不明),"32,416","text/html; charset=UTF-8"
"shimauchi | 摂津市商工会 | ページ 9",https://settsu-sci.jp/archives/author/shimauchi/page/9,応援します。あなたの経営！地域に広げよう摂津市商工会の信頼ネットワーク。大阪府摂津市,"摂津市,摂津市商工会,経営相談,企業サポート,","<h1 class=""page-title author"">作成者別アーカイブ: <span class='vcard'><a class='url fn n' href='https://settsu-sci.jp/archives/author/shimauchi' title='shimauchi' rel='me'>shimauchi</a></span></h1>",(不明),"33,861","text/html; charset=UTF-8"
"あーとdeごはんinせっつ「おいしい美術」(9/30?10/4) | 摂津市商工会",https://settsu-sci.jp/archives/2212,応援します。あなたの経営！地域に広げよう摂津市商工会の信頼ネットワーク。大阪府摂津市,"摂津市,摂津市商工会,経営相談,企業サポート,","<h1 class=""entry-title"">あーとdeごはんinせっつ「おいしい美術」(9/30?10/4)</h1>",(不明),"18,455","text/html; charset=UTF-8"
"アイデア×熱意×事業計画×クラウドファンディング＝夢の実現！「共感」を拡げる資金調達！クラウドファンディング入門セミナー＆交流会（9/12、10/8） | 摂津市商工会",https://settsu-sci.jp/archives/2140,応援します。あなたの経営！地域に広げよう摂津市商工会の信頼ネットワーク。大阪府摂津市,"摂津市,摂津市商工会,経営相談,企業サポート,","<h1 class=""entry-title"">アイデア×熱意×事業計画×クラウドファンディング＝夢の実現！「共感」を拡げる資金調達！クラウドファンディング入門セミナー＆交流会（9/12、10/8）</h1>",(不明),"24,934","text/html; charset=UTF-8"
"あなたのお気に入りのモクテルに投票してプレゼントをもらおう！※投票期限5/13（月） | 摂津市商工会",https://settsu-sci.jp/archives/3936,応援します。あなたの経営！地域に広げよう摂津市商工会の信頼ネットワーク。大阪府摂津市,"摂津市,摂津市商工会,経営相談,企業サポート,","<h1 class=""entry-title"">あなたのお気に入りのモクテルに投票してプレゼントをもらおう！※投票期限5/13（月）</h1>",(不明),"24,451","text/html; charset=UTF-8"
"あなたのお店と、新しいお客様をつなぐチャンスです！まちゼミ講演会＆勉強会（10/22） | 摂津市商工会",https://settsu-sci.jp/archives/2239,応援します。あなたの経営！地域に広げよう摂津市商工会の信頼ネットワーク。大阪府摂津市,"摂津市,摂津市商工会,経営相談,企業サポート,","<h1 class=""entry-title"">あなたのお店と、新しいお客様をつなぐチャンスです！まちゼミ講演会＆勉強会（10/22）</h1>",(不明),"21,988","text/html; charset=UTF-8"
"あなたの会社守れますか？事業継続計画（ＢＣＰ）策定セミナー＠高槻商工会議所（1/18） | 摂津市商工会",https://settsu-sci.jp/archives/3413,応援します。あなたの経営！地域に広げよう摂津市商工会の信頼ネットワーク。大阪府摂津市,"摂津市,摂津市商工会,経営相談,企業サポート,","<h1 class=""entry-title"">あなたの会社守れますか？事業継続計画（ＢＣＰ）策定セミナー＠高槻商工会議所（1/18）</h1>",(不明),"19,186","text/html; charset=UTF-8"
"あなたの夢をみんなの夢へ！誰もが夢を実現できる共感による資金調達クラウドファンディング活用法（2/3） | 摂津市商工会",https://settsu-sci.jp/archives/2994,応援します。あなたの経営！地域に広げよう摂津市商工会の信頼ネットワーク。大阪府摂津市,"摂津市,摂津市商工会,経営相談,企業サポート,","<h1 class=""entry-title"">あなたの夢をみんなの夢へ！誰もが夢を実現できる共感による資金調達クラウドファンディング活用法（2/3）</h1>",(不明),"25,471","text/html; charset=UTF-8"
"アンケート | 摂津市商工会",https://settsu-sci.jp/archives/5757,応援します。あなたの経営！地域に広げよう摂津市商工会の信頼ネットワーク。大阪府摂津市,"摂津市,摂津市商工会,経営相談,企業サポート,","<h1 class=""entry-title"">保護中: アンケート</h1>",(不明),"19,161","text/html; charset=UTF-8"
"イベント・セミナー情報 | 摂津市商工会",https://settsu-sci.jp/event,応援します。あなたの経営！地域に広げよう摂津市商工会の信頼ネットワーク。大阪府摂津市,"摂津市,摂津市商工会,経営相談,企業サポート,","<h1 class=""entry-title"">イベント・セミナー情報</h1>",(不明),"16,185","text/html; charset=UTF-8"
"おかみさんセミナー ～おかみさんのイチオシ!これええやんけ!～(2/8) | 摂津市商工会",https://settsu-sci.jp/archives/1077,応援します。あなたの経営！地域に広げよう摂津市商工会の信頼ネットワーク。大阪府摂津市,"摂津市,摂津市商工会,経営相談,企業サポート,","<h1 class=""entry-title"">おかみさんセミナー ～おかみさんのイチオシ!これええやんけ!～(2/8)</h1>",(不明),"21,431","text/html; charset=UTF-8"
"お客様が集まる♪リピートしてくれる♪「わたしブランディング」セミナー（9/22） | 摂津市商工会",https://settsu-sci.jp/archives/3255,応援します。あなたの経営！地域に広げよう摂津市商工会の信頼ネットワーク。大阪府摂津市,"摂津市,摂津市商工会,経営相談,企業サポート,","<h1 class=""entry-title"">お客様が集まる♪リピートしてくれる♪「わたしブランディング」セミナー（9/22）</h1>",(不明),"22,993","text/html; charset=UTF-8"
"お店の人が教えてくれる！得する街のゼミナール　摂津まるごとまちゼミ（2/1?29） | 摂津市商工会",https://settsu-sci.jp/archives/2388,応援します。あなたの経営！地域に広げよう摂津市商工会の信頼ネットワーク。大阪府摂津市,"摂津市,摂津市商工会,経営相談,企業サポート,","<h1 class=""entry-title"">お店の人が教えてくれる！得する街のゼミナール　摂津まるごとまちゼミ（2/1?29）</h1>",(不明),"19,348","text/html; charset=UTF-8"
"お問い合わせ | 摂津市商工会",https://settsu-sci.jp/otoiawase,応援します。あなたの経営！地域に広げよう摂津市商工会の信頼ネットワーク。大阪府摂津市,"摂津市,摂津市商工会,経営相談,企業サポート,","<h1 class=""entry-title"">お問い合わせ</h1>",(不明),"17,624","text/html; charset=UTF-8"
"お問い合わせフォーム | 摂津市商工会",https://settsu-sci.jp/form,応援します。あなたの経営！地域に広げよう摂津市商工会の信頼ネットワーク。大阪府摂津市,"摂津市,摂津市商工会,経営相談,企業サポート,","<h1 class=""entry-title"">お問い合わせフォーム</h1>",(不明),"16,363","text/html; charset=UTF-8"
"クラウドファンディング活用セミナーアンケート【2月9日（火）】 | 摂津市商工会",https://settsu-sci.jp/archives/5627,応援します。あなたの経営！地域に広げよう摂津市商工会の信頼ネットワーク。大阪府摂津市,"摂津市,摂津市商工会,経営相談,企業サポート,","<h1 class=""entry-title"">クラウドファンディング活用セミナーアンケート【2月9日（火）】</h1>",(不明),"24,372","text/html; charset=UTF-8"
"クラウドファンディング活用セミナー受講前アンケート【2月9日（火）】 | 摂津市商工会",https://settsu-sci.jp/archives/5639,応援します。あなたの経営！地域に広げよう摂津市商工会の信頼ネットワーク。大阪府摂津市,"摂津市,摂津市商工会,経営相談,企業サポート,","<h1 class=""entry-title"">クラウドファンディング活用セミナー受講前アンケート【2月9日（火）】</h1>",(不明),"26,701","text/html; charset=UTF-8"
"コロナを乗り越える！業種や地域を超えた連携ビジネスチャンス！摂津市ビジネスマッチングフェア（2/10）（受付終了） | 摂津市商工会",https://settsu-sci.jp/archives/3468,応援します。あなたの経営！地域に広げよう摂津市商工会の信頼ネットワーク。大阪府摂津市,"摂津市,摂津市商工会,経営相談,企業サポート,","<h1 class=""entry-title"">コロナを乗り越える！業種や地域を超えた連携ビジネスチャンス！摂津市ビジネスマッチングフェア（2/10）（受付終了）</h1>",(不明),"19,471","text/html; charset=UTF-8"
"コロナ後の感染対策や販路開拓など新たなビジネスモデルを構築したい方に！　補助金申請攻略セミナー（終了しました） | 摂津市商工会",https://settsu-sci.jp/archives/3094,応援します。あなたの経営！地域に広げよう摂津市商工会の信頼ネットワーク。大阪府摂津市,"摂津市,摂津市商工会,経営相談,企業サポート,","<h1 class=""entry-title"">コロナ後の感染対策や販路開拓など新たなビジネスモデルを構築したい方に！　補助金申請攻略セミナー（終了しました）</h1>",(不明),"22,959","text/html; charset=UTF-8"
"シニア社員の雇用安定化セミナー（12/9） | 摂津市商工会",https://settsu-sci.jp/archives/1803,応援します。あなたの経営！地域に広げよう摂津市商工会の信頼ネットワーク。大阪府摂津市,"摂津市,摂津市商工会,経営相談,企業サポート,","<h1 class=""entry-title"">シニア社員の雇用安定化セミナー（12/9）</h1>",(不明),"21,853","text/html; charset=UTF-8"
"スマホde販促　動画初心者のための売れる！動画販促セミナー（12/14） | 摂津市商工会",https://settsu-sci.jp/archives/3409,応援します。あなたの経営！地域に広げよう摂津市商工会の信頼ネットワーク。大阪府摂津市,"摂津市,摂津市商工会,経営相談,企業サポート,","<h1 class=""entry-title"">スマホde販促　動画初心者のための売れる！動画販促セミナー（12/14）</h1>",(不明),"22,607","text/html; charset=UTF-8"
"スライドプレゼン・企画書・チラシをバージョンアップ！パワポで魅せる！ビジネスプレゼン力向上セミナー（9/15、9/27、10/11） | 摂津市商工会",https://settsu-sci.jp/archives/2627,応援します。あなたの経営！地域に広げよう摂津市商工会の信頼ネットワーク。大阪府摂津市,"摂津市,摂津市商工会,経営相談,企業サポート,","<h1 class=""entry-title"">スライドプレゼン・企画書・チラシをバージョンアップ！パワポで魅せる！ビジネスプレゼン力向上セミナー（9/15、9/27、10/11）</h1>",(不明),"19,314","text/html; charset=UTF-8"
"ソーシャルビジネス入門セミナー（9/12）、ソーシャルビジネス交流会（10/30） | 摂津市商工会",https://settsu-sci.jp/archives/2173,応援します。あなたの経営！地域に広げよう摂津市商工会の信頼ネットワーク。大阪府摂津市,"摂津市,摂津市商工会,経営相談,企業サポート,","<h1 class=""entry-title"">ソーシャルビジネス入門セミナー（9/12）、ソーシャルビジネス交流会（10/30）</h1>",(不明),"23,196","text/html; charset=UTF-8"
"ソーシャルメディアセミナー | 摂津市商工会",https://settsu-sci.jp/archives/1103,応援します。あなたの経営！地域に広げよう摂津市商工会の信頼ネットワーク。大阪府摂津市,"摂津市,摂津市商工会,経営相談,企業サポート,","<h1 class=""entry-title"">ソーシャルメディアセミナー</h1>",(不明),"21,407","text/html; charset=UTF-8"
"ディズニー流の育て方に学ぶ「魔法の人財育成術」（3/8） | 摂津市商工会",https://settsu-sci.jp/archives/3519,応援します。あなたの経営！地域に広げよう摂津市商工会の信頼ネットワーク。大阪府摂津市,"摂津市,摂津市商工会,経営相談,企業サポート,","<h1 class=""entry-title"">ディズニー流の育て方に学ぶ「魔法の人財育成術」（3/8）</h1>",(不明),"22,752","text/html; charset=UTF-8"
"テスト | 摂津市商工会",https://settsu-sci.jp/test,応援します。あなたの経営！地域に広げよう摂津市商工会の信頼ネットワーク。大阪府摂津市,"摂津市,摂津市商工会,経営相談,企業サポート,","<h1 class=""entry-title"">テスト</h1>",(不明),"15,666","text/html; charset=UTF-8"
"どんな業種の現場でも今日からすぐ取り組める！人手不足を解決する現場力を高める仕組みづくり！現場目線の”超効率”IoT活用セミナー（10/25） | 摂津市商工会",https://settsu-sci.jp/archives/3691,応援します。あなたの経営！地域に広げよう摂津市商工会の信頼ネットワーク。大阪府摂津市,"摂津市,摂津市商工会,経営相談,企業サポート,","<h1 class=""entry-title"">どんな業種の現場でも今日からすぐ取り組める！人手不足を解決する現場力を高める仕組みづくり！現場目線の”超効率”IoT活用セミナー（10/25）</h1>",(不明),"19,044","text/html; charset=UTF-8"
"ネット社会に求められる人権と情報モラル～マイナンバー時代を迎えて企業が取り組みべきことは～ＣＳＲセミナー（3/1） | 摂津市商工会",https://settsu-sci.jp/archives/2410,応援します。あなたの経営！地域に広げよう摂津市商工会の信頼ネットワーク。大阪府摂津市,"摂津市,摂津市商工会,経営相談,企業サポート,","<h1 class=""entry-title"">ネット社会に求められる人権と情報モラル～マイナンバー時代を迎えて企業が取り組みべきことは～ＣＳＲセミナー（3/1）</h1>",(不明),"22,947","text/html; charset=UTF-8"
"バイオ産業（医薬品・医療機器等）に飛び込もう!! | 摂津市商工会",https://settsu-sci.jp/archives/725,応援します。あなたの経営！地域に広げよう摂津市商工会の信頼ネットワーク。大阪府摂津市,"摂津市,摂津市商工会,経営相談,企業サポート,","<h1 class=""entry-title"">バイオ産業（医薬品・医療機器等）に飛び込もう!!</h1>",(不明),"18,487","text/html; charset=UTF-8"
"ビジネスと技術の交流が生み出す新たなチャンス！摂津市ビジネス＆テクノフェアinダイキン2/7出展者募集（11/30〆切） | 摂津市商工会",https://settsu-sci.jp/archives/3382,応援します。あなたの経営！地域に広げよう摂津市商工会の信頼ネットワーク。大阪府摂津市,"摂津市,摂津市商工会,経営相談,企業サポート,","<h1 class=""entry-title"">ビジネスと技術の交流が生み出す新たなチャンス！摂津市ビジネス＆テクノフェアinダイキン2/7出展者募集（11/30〆切）</h1>",(不明),"24,028","text/html; charset=UTF-8"
"ビジネスマッチングフェアメール送信用 | 摂津市商工会",https://settsu-sci.jp/archives/6600,応援します。あなたの経営！地域に広げよう摂津市商工会の信頼ネットワーク。大阪府摂津市,"摂津市,摂津市商工会,経営相談,企業サポート,","<h1 class=""entry-title"">保護中: ビジネスマッチングフェアメール送信用</h1>",(不明),"18,956","text/html; charset=UTF-8"
"ビジネスを加速させる。今年度最後のチャンス！補助金申請攻略セミナー（12/12）【ものづくり・商業・サービス新展開支援補助金、小規模事業者持続化補助金】 | 摂津市商工会",https://settsu-sci.jp/archives/2895,応援します。あなたの経営！地域に広げよう摂津市商工会の信頼ネットワーク。大阪府摂津市,"摂津市,摂津市商工会,経営相談,企業サポート,","<h1 class=""entry-title"">ビジネスを加速させる。今年度最後のチャンス！補助金申請攻略セミナー（12/12）【ものづくり・商業・サービス新展開支援補助金、小規模事業者持続化補助金】</h1>",(不明),"22,913","text/html; charset=UTF-8"
"ブレークスルーマネジメント交流研修 | 摂津市商工会",https://settsu-sci.jp/archives/431,応援します。あなたの経営！地域に広げよう摂津市商工会の信頼ネットワーク。大阪府摂津市,"摂津市,摂津市商工会,経営相談,企業サポート,","<h1 class=""entry-title"">ブレークスルーマネジメント交流研修</h1>",(不明),"23,229","text/html; charset=UTF-8"
"マーケティング3.0＆クラウドファンディング　中小企業・小規模企業のための活用セミナー(11/18) | 摂津市商工会",https://settsu-sci.jp/archives/1751,応援します。あなたの経営！地域に広げよう摂津市商工会の信頼ネットワーク。大阪府摂津市,"摂津市,摂津市商工会,経営相談,企業サポート,","<h1 class=""entry-title"">マーケティング3.0＆クラウドファンディング　中小企業・小規模企業のための活用セミナー(11/18)</h1>",(不明),"22,472","text/html; charset=UTF-8"
"マイナンバー対策でお悩みの方！自社の情報管理をレベルアップ！情報セキュリティ対策セミナー（10/26） | 摂津市商工会",https://settsu-sci.jp/archives/2689,応援します。あなたの経営！地域に広げよう摂津市商工会の信頼ネットワーク。大阪府摂津市,"摂津市,摂津市商工会,経営相談,企業サポート,","<h1 class=""entry-title"">マイナンバー対策でお悩みの方！自社の情報管理をレベルアップ！情報セキュリティ対策セミナー（10/26）</h1>",(不明),"25,178","text/html; charset=UTF-8"
"まだ間に合う！！知って得する！！補助金セミナー（4/13） | 摂津市商工会",https://settsu-sci.jp/archives/1995,応援します。あなたの経営！地域に広げよう摂津市商工会の信頼ネットワーク。大阪府摂津市,"摂津市,摂津市商工会,経営相談,企業サポート,","<h1 class=""entry-title"">まだ間に合う！！知って得する！！補助金セミナー（4/13）</h1>",(不明),"22,305","text/html; charset=UTF-8"
"まちを元気にする交流会?より良くのヒントここにあります～（11/2） | 摂津市商工会",https://settsu-sci.jp/archives/2817,応援します。あなたの経営！地域に広げよう摂津市商工会の信頼ネットワーク。大阪府摂津市,"摂津市,摂津市商工会,経営相談,企業サポート,","<h1 class=""entry-title"">まちを元気にする交流会?より良くのヒントここにあります～（11/2）</h1>",(不明),"22,991","text/html; charset=UTF-8"
"ミュージシャン（アマ＆プロ）とマジシャンが香露園の居酒屋へやってくる！　マジック＆ミュージック　in　香露園（10/18） | 摂津市商工会",https://settsu-sci.jp/archives/3281,応援します。あなたの経営！地域に広げよう摂津市商工会の信頼ネットワーク。大阪府摂津市,"摂津市,摂津市商工会,経営相談,企業サポート,","<h1 class=""entry-title"">ミュージシャン（アマ＆プロ）とマジシャンが香露園の居酒屋へやってくる！　マジック＆ミュージック　in　香露園（10/18）</h1>",(不明),"19,572","text/html; charset=UTF-8"
"メンタルヘルスセミナー（10/27）アンケート | 摂津市商工会",https://settsu-sci.jp/archives/5316,応援します。あなたの経営！地域に広げよう摂津市商工会の信頼ネットワーク。大阪府摂津市,"摂津市,摂津市商工会,経営相談,企業サポート,","<h1 class=""entry-title"">メンタルヘルスセミナー（10/27）アンケート</h1>",(不明),"25,329","text/html; charset=UTF-8"
"ものづくり革新の実像に迫る！　３Ｄプリンター見学研修会（11/18） | 摂津市商工会",https://settsu-sci.jp/archives/1762,応援します。あなたの経営！地域に広げよう摂津市商工会の信頼ネットワーク。大阪府摂津市,"摂津市,摂津市商工会,経営相談,企業サポート,","<h1 class=""entry-title"">ものづくり革新の実像に迫る！　３Ｄプリンター見学研修会（11/18）</h1>",(不明),"22,057","text/html; charset=UTF-8"
"ものづくり企業と情報交換と交流の場　出張！モビオカフェミーティングin摂津市（5/12） | 摂津市商工会",https://settsu-sci.jp/archives/2483,応援します。あなたの経営！地域に広げよう摂津市商工会の信頼ネットワーク。大阪府摂津市,"摂津市,摂津市商工会,経営相談,企業サポート,","<h1 class=""entry-title"">ものづくり企業と情報交換と交流の場　出張！モビオカフェミーティングin摂津市（5/12）</h1>",(不明),"19,184","text/html; charset=UTF-8"
"リンク | 摂津市商工会",https://settsu-sci.jp/linksite,応援します。あなたの経営！地域に広げよう摂津市商工会の信頼ネットワーク。大阪府摂津市,"摂津市,摂津市商工会,経営相談,企業サポート,","<h1 class=""entry-title"">リンク</h1>",(不明),"18,020","text/html; charset=UTF-8"
"わかりやすい労働法の改正セミナー（11/7） | 摂津市商工会",https://settsu-sci.jp/archives/795,応援します。あなたの経営！地域に広げよう摂津市商工会の信頼ネットワーク。大阪府摂津市,"摂津市,摂津市商工会,経営相談,企業サポート,","<h1 class=""entry-title"">わかりやすい労働法の改正セミナー（11/7）</h1>",(不明),"21,392","text/html; charset=UTF-8"
"下町ロケットに学ぶ！ピンチをチャンスに変える！「レジリエンス（逆境力）を高める折れない経営セミナー（1/27） | 摂津市商工会",https://settsu-sci.jp/archives/2355,応援します。あなたの経営！地域に広げよう摂津市商工会の信頼ネットワーク。大阪府摂津市,"摂津市,摂津市商工会,経営相談,企業サポート,","<h1 class=""entry-title"">下町ロケットに学ぶ！ピンチをチャンスに変える！「レジリエンス（逆境力）を高める折れない経営セミナー（1/27）</h1>",(不明),"22,169","text/html; charset=UTF-8"
"仮装したミュージシャンとマジシャンが千里丘の居酒屋で突撃ナイトショー！　マジック＆ミュージックin千里丘（10/31） | 摂津市商工会",https://settsu-sci.jp/archives/3723,応援します。あなたの経営！地域に広げよう摂津市商工会の信頼ネットワーク。大阪府摂津市,"摂津市,摂津市商工会,経営相談,企業サポート,","<h1 class=""entry-title"">仮装したミュージシャンとマジシャンが千里丘の居酒屋で突撃ナイトショー！　マジック＆ミュージックin千里丘（10/31）</h1>",(不明),"18,743","text/html; charset=UTF-8"
"会員事業所　【サービス業】 | 摂津市商工会",https://settsu-sci.jp/kaiin-service,応援します。あなたの経営！地域に広げよう摂津市商工会の信頼ネットワーク。大阪府摂津市,"摂津市,摂津市商工会,経営相談,企業サポート,","<h1 class=""entry-title"">会員事業所　【サービス業】</h1>",(不明),"27,485","text/html; charset=UTF-8"
"会員事業所　【飲食業】 | 摂津市商工会",https://settsu-sci.jp/kaiin-insyoku,応援します。あなたの経営！地域に広げよう摂津市商工会の信頼ネットワーク。大阪府摂津市,"摂津市,摂津市商工会,経営相談,企業サポート,","<h1 class=""entry-title"">会員事業所　【飲食業】</h1>",(不明),"18,024","text/html; charset=UTF-8"
"会員事業所　【運輸倉庫通信業】 | 摂津市商工会",https://settsu-sci.jp/kaiin-unyutuushin,応援します。あなたの経営！地域に広げよう摂津市商工会の信頼ネットワーク。大阪府摂津市,"摂津市,摂津市商工会,経営相談,企業サポート,","<h1 class=""entry-title"">会員事業所　【運輸倉庫通信業】</h1>",(不明),"19,073","text/html; charset=UTF-8"
"会員事業所　【卸売業】 | 摂津市商工会",https://settsu-sci.jp/kaiin-oroshi,応援します。あなたの経営！地域に広げよう摂津市商工会の信頼ネットワーク。大阪府摂津市,"摂津市,摂津市商工会,経営相談,企業サポート,","<h1 class=""entry-title"">会員事業所　【卸売業】</h1>",(不明),"19,027","text/html; charset=UTF-8"
"会員事業所　【金融・保険業】 | 摂津市商工会",https://settsu-sci.jp/kaiin-kinyuhoken,応援します。あなたの経営！地域に広げよう摂津市商工会の信頼ネットワーク。大阪府摂津市,"摂津市,摂津市商工会,経営相談,企業サポート,","<h1 class=""entry-title"">会員事業所　【金融・保険業】</h1>",(不明),"18,131","text/html; charset=UTF-8"
"会員事業所　【建設業】 | 摂津市商工会",https://settsu-sci.jp/kaiin-kensetsu,応援します。あなたの経営！地域に広げよう摂津市商工会の信頼ネットワーク。大阪府摂津市,"摂津市,摂津市商工会,経営相談,企業サポート,","<h1 class=""entry-title"">会員事業所　【建設業】</h1>",(不明),"21,339","text/html; charset=UTF-8"
"会員事業所　【小売業】 | 摂津市商工会",https://settsu-sci.jp/kaiin-kouri,応援します。あなたの経営！地域に広げよう摂津市商工会の信頼ネットワーク。大阪府摂津市,"摂津市,摂津市商工会,経営相談,企業サポート,","<h1 class=""entry-title"">会員事業所　【小売業】</h1>",(不明),"20,847","text/html; charset=UTF-8"
"会員事業所　【製造業】 | 摂津市商工会",https://settsu-sci.jp/kaiin-seizou,応援します。あなたの経営！地域に広げよう摂津市商工会の信頼ネットワーク。大阪府摂津市,"摂津市,摂津市商工会,経営相談,企業サポート,","<h1 class=""entry-title"">会員事業所　【製造業】</h1>",(不明),"29,424","text/html; charset=UTF-8"
"会員事業所　【不動産業】 | 摂津市商工会",https://settsu-sci.jp/kaiin-fudosan,応援します。あなたの経営！地域に広げよう摂津市商工会の信頼ネットワーク。大阪府摂津市,"摂津市,摂津市商工会,経営相談,企業サポート,","<h1 class=""entry-title"">会員事業所　【不動産業】</h1>",(不明),"17,613","text/html; charset=UTF-8"
"会員事業所優良従業員表彰 | 摂津市商工会",https://settsu-sci.jp/archives/437,応援します。あなたの経営！地域に広げよう摂津市商工会の信頼ネットワーク。大阪府摂津市,"摂津市,摂津市商工会,経営相談,企業サポート,","<h1 class=""entry-title"">会員事業所優良従業員表彰</h1>",(不明),"18,244","text/html; charset=UTF-8"
"会員情報 | 摂津市商工会",https://settsu-sci.jp/5-2,応援します。あなたの経営！地域に広げよう摂津市商工会の信頼ネットワーク。大阪府摂津市,"摂津市,摂津市商工会,経営相談,企業サポート,","<h1 class=""entry-title"">会員情報</h1>",(不明),"21,024","text/html; charset=UTF-8"
"海外ビジネス展開支援セミナー 「初めての海外進出」勉強会(11/14) | 摂津市商工会",https://settsu-sci.jp/archives/1340,応援します。あなたの経営！地域に広げよう摂津市商工会の信頼ネットワーク。大阪府摂津市,"摂津市,摂津市商工会,経営相談,企業サポート,","<h1 class=""entry-title"">海外ビジネス展開支援セミナー 「初めての海外進出」勉強会(11/14)</h1>",(不明),"22,648","text/html; charset=UTF-8"
"開業サポート資金（地域支援ネットワーク型） | 摂津市商工会",https://settsu-sci.jp/service/yusi-top/kaigyou-support,応援します。あなたの経営！地域に広げよう摂津市商工会の信頼ネットワーク。大阪府摂津市,"摂津市,摂津市商工会,経営相談,企業サポート,","<h1 class=""entry-title"">開業サポート資金（地域支援ネットワーク型）</h1>",(不明),"19,199","text/html; charset=UTF-8"
"各種申請受付 | 摂津市商工会",https://settsu-sci.jp/service/shinsei,応援します。あなたの経営！地域に広げよう摂津市商工会の信頼ネットワーク。大阪府摂津市,"摂津市,摂津市商工会,経営相談,企業サポート,","<h1 class=""entry-title"">各種申請受付</h1>",(不明),"16,168","text/html; charset=UTF-8"
"確定申告相談会のご案内 | 摂津市商工会",https://settsu-sci.jp/archives/1111,応援します。あなたの経営！地域に広げよう摂津市商工会の信頼ネットワーク。大阪府摂津市,"摂津市,摂津市商工会,経営相談,企業サポート,","<h1 class=""entry-title"">確定申告相談会のご案内</h1>",(不明),"18,186","text/html; charset=UTF-8"
"環境事業視察研修会（10/19） | 摂津市商工会",https://settsu-sci.jp/archives/797,応援します。あなたの経営！地域に広げよう摂津市商工会の信頼ネットワーク。大阪府摂津市,"摂津市,摂津市商工会,経営相談,企業サポート,","<h1 class=""entry-title"">環境事業視察研修会（10/19）</h1>",(不明),"18,282","text/html; charset=UTF-8"
"企業訪問見学研修会　（株）ダイフク滋賀工場＜日に新た館＞（11/8） | 摂津市商工会",https://settsu-sci.jp/archives/3737,応援します。あなたの経営！地域に広げよう摂津市商工会の信頼ネットワーク。大阪府摂津市,"摂津市,摂津市商工会,経営相談,企業サポート,","<h1 class=""entry-title"">企業訪問見学研修会　（株）ダイフク滋賀工場＜日に新た館＞（11/8）</h1>",(不明),"22,340","text/html; charset=UTF-8"
"企業力アップ・プレゼンテーション能力向上セミナー(2/6) | 摂津市商工会",https://settsu-sci.jp/archives/1512,応援します。あなたの経営！地域に広げよう摂津市商工会の信頼ネットワーク。大阪府摂津市,"摂津市,摂津市商工会,経営相談,企業サポート,","<h1 class=""entry-title"">企業力アップ・プレゼンテーション能力向上セミナー(2/6)</h1>",(不明),"19,095","text/html; charset=UTF-8"
"基礎からわかる事業継続計画（BCP）策定セミナー＠高槻商工会議所（1/13） | 摂津市商工会",https://settsu-sci.jp/archives/7484,応援します。あなたの経営！地域に広げよう摂津市商工会の信頼ネットワーク。大阪府摂津市,"摂津市,摂津市商工会,経営相談,企業サポート,","<h1 class=""entry-title"">基礎からわかる事業継続計画（BCP）策定セミナー＠高槻商工会議所（1/13）</h1>",(不明),"20,803","text/html; charset=UTF-8"
"起業なんて私にはムリと、あきらめていませんか？「わたしにもできる！」夢を叶える第一歩　創業支援セミナー（1/20・2/3） | 摂津市商工会",https://settsu-sci.jp/archives/1859,応援します。あなたの経営！地域に広げよう摂津市商工会の信頼ネットワーク。大阪府摂津市,"摂津市,摂津市商工会,経営相談,企業サポート,","<h1 class=""entry-title"">起業なんて私にはムリと、あきらめていませんか？「わたしにもできる！」夢を叶える第一歩　創業支援セミナー（1/20・2/3）</h1>",(不明),"26,863","text/html; charset=UTF-8"
"共済制度 | 摂津市商工会",https://settsu-sci.jp/service/ksai-top,応援します。あなたの経営！地域に広げよう摂津市商工会の信頼ネットワーク。大阪府摂津市,"摂津市,摂津市商工会,経営相談,企業サポート,","<h1 class=""entry-title"">共済制度</h1>",(不明),"18,254","text/html; charset=UTF-8"
"強みを具体化し、ビジネスプランの魅力を高めるワーク付　持続化補助金・ファンド申請書き方セミナー（4/15） | 摂津市商工会",https://settsu-sci.jp/archives/2485,応援します。あなたの経営！地域に広げよう摂津市商工会の信頼ネットワーク。大阪府摂津市,"摂津市,摂津市商工会,経営相談,企業サポート,","<h1 class=""entry-title"">強みを具体化し、ビジネスプランの魅力を高めるワーク付　持続化補助金・ファンド申請書き方セミナー（4/15）</h1>",(不明),"22,452","text/html; charset=UTF-8"
"鏡の法則を使ったマネジメント研修・交流会 (6/25・7/23・9/10・10/8) | 摂津市商工会",https://settsu-sci.jp/archives/1161,応援します。あなたの経営！地域に広げよう摂津市商工会の信頼ネットワーク。大阪府摂津市,"摂津市,摂津市商工会,経営相談,企業サポート,","<h1 class=""entry-title"">鏡の法則を使ったマネジメント研修・交流会 (6/25・7/23・9/10・10/8)</h1>",(不明),"23,968","text/html; charset=UTF-8"
"熊本地震の最新ＢＣＰ活用事例から学ぶ！事業継続計画（ＢＣＰ）策定基礎セミナー（1/18） | 摂津市商工会",https://settsu-sci.jp/archives/2909,応援します。あなたの経営！地域に広げよう摂津市商工会の信頼ネットワーク。大阪府摂津市,"摂津市,摂津市商工会,経営相談,企業サポート,","<h1 class=""entry-title"">熊本地震の最新ＢＣＰ活用事例から学ぶ！事業継続計画（ＢＣＰ）策定基礎セミナー（1/18）</h1>",(不明),"19,385","text/html; charset=UTF-8"
"経営診断　実況生中継！生実践セミナー＆交流会(6/10,7/8,9/9,10/7) | 摂津市商工会",https://settsu-sci.jp/archives/1591,応援します。あなたの経営！地域に広げよう摂津市商工会の信頼ネットワーク。大阪府摂津市,"摂津市,摂津市商工会,経営相談,企業サポート,","<h1 class=""entry-title"">経営診断　実況生中継！生実践セミナー＆交流会(6/10,7/8,9/9,10/7)</h1>",(不明),"24,322","text/html; charset=UTF-8"
"経営発達支援計画報告書 | 摂津市商工会",https://settsu-sci.jp/keieihattatsu,応援します。あなたの経営！地域に広げよう摂津市商工会の信頼ネットワーク。大阪府摂津市,"摂津市,摂津市商工会,経営相談,企業サポート,","<h1 class=""entry-title"">経営発達支援計画報告書</h1>",(不明),"17,974","text/html; charset=UTF-8"
"個人情報保護方針 | 摂津市商工会",https://settsu-sci.jp/privacypolicy,応援します。あなたの経営！地域に広げよう摂津市商工会の信頼ネットワーク。大阪府摂津市,"摂津市,摂津市商工会,経営相談,企業サポート,","<h1 class=""entry-title"">個人情報保護方針</h1>",(不明),"22,110","text/html; charset=UTF-8"
"国立循環器病研究センター・吹田商工会議所との 連携・協力の推進に関する協定書を締結しました（2/10） | 摂津市商工会",https://settsu-sci.jp/archives/5668,応援します。あなたの経営！地域に広げよう摂津市商工会の信頼ネットワーク。大阪府摂津市,"摂津市,摂津市商工会,経営相談,企業サポート,","<h1 class=""entry-title"">国立循環器病研究センター・吹田商工会議所との 連携・協力の推進に関する協定書を締結しました（2/10）</h1>",(不明),"20,039","text/html; charset=UTF-8"
"今回の補助金申請がラストチャンス！？ここでしか聞けない！採択事業者の生の声！！補助金申請攻略セミナー（3/22）【ものづくり・商業・サービス新展開支援補助金、おおさか地域創造ファンド、小規模事業者持続化補助金】 | 摂津市商工会",https://settsu-sci.jp/archives/2438,応援します。あなたの経営！地域に広げよう摂津市商工会の信頼ネットワーク。大阪府摂津市,"摂津市,摂津市商工会,経営相談,企業サポート,","<h1 class=""entry-title"">今回の補助金申請がラストチャンス！？ここでしか聞けない！採択事業者の生の声！！補助金申請攻略セミナー（3/22）【ものづくり・商業・サービス新展開支援補助金、おおさか地域創造ファンド、小規模事業者持続化補助金】</h1>",(不明),"23,049","text/html; charset=UTF-8"
"債権「売掛金」回収セミナー＆個別相談会（10/26） | 摂津市商工会",https://settsu-sci.jp/archives/790,応援します。あなたの経営！地域に広げよう摂津市商工会の信頼ネットワーク。大阪府摂津市,"摂津市,摂津市商工会,経営相談,企業サポート,","<h1 class=""entry-title"">債権「売掛金」回収セミナー＆個別相談会（10/26）</h1>",(不明),"21,982","text/html; charset=UTF-8"
"災害に強い組織作りを支援します！事業継続計画（ＢＣＰ）策定基礎セミナー（1/20） | 摂津市商工会",https://settsu-sci.jp/archives/2333,応援します。あなたの経営！地域に広げよう摂津市商工会の信頼ネットワーク。大阪府摂津市,"摂津市,摂津市商工会,経営相談,企業サポート,","<h1 class=""entry-title"">災害に強い組織作りを支援します！事業継続計画（ＢＣＰ）策定基礎セミナー（1/20）</h1>",(不明),"19,241","text/html; charset=UTF-8"
"三市一町(摂津市・高槻市・茨木市・島本町)合同就職フェア 合同就職面接会(1/30) | 摂津市商工会",https://settsu-sci.jp/archives/1510,応援します。あなたの経営！地域に広げよう摂津市商工会の信頼ネットワーク。大阪府摂津市,"摂津市,摂津市商工会,経営相談,企業サポート,","<h1 class=""entry-title"">三市一町(摂津市・高槻市・茨木市・島本町)合同就職フェア 合同就職面接会(1/30)</h1>",(不明),"18,454","text/html; charset=UTF-8"
"三市一町合同就職フェア 合同就職面接会 参加企業募集(1/31) | 摂津市商工会",https://settsu-sci.jp/archives/1012,応援します。あなたの経営！地域に広げよう摂津市商工会の信頼ネットワーク。大阪府摂津市,"摂津市,摂津市商工会,経営相談,企業サポート,","<h1 class=""entry-title"">三市一町合同就職フェア 合同就職面接会 参加企業募集(1/31)</h1>",(不明),"23,384","text/html; charset=UTF-8"
"三市一町合同就職フェア 参加企業募集のご案内(12/18締切) | 摂津市商工会",https://settsu-sci.jp/archives/1383,応援します。あなたの経営！地域に広げよう摂津市商工会の信頼ネットワーク。大阪府摂津市,"摂津市,摂津市商工会,経営相談,企業サポート,","<h1 class=""entry-title"">三市一町合同就職フェア 参加企業募集のご案内(12/18締切)</h1>",(不明),"23,485","text/html; charset=UTF-8"
"資金調達力アップセミナー(1/24) | 摂津市商工会",https://settsu-sci.jp/archives/1055,応援します。あなたの経営！地域に広げよう摂津市商工会の信頼ネットワーク。大阪府摂津市,"摂津市,摂津市商工会,経営相談,企業サポート,","<h1 class=""entry-title"">資金調達力アップセミナー(1/24)</h1>",(不明),"21,975","text/html; charset=UTF-8"
"事業資金セミナー「プロが教える銀行が喜ぶ３つのポイント！」10/9 | 摂津市商工会",https://settsu-sci.jp/archives/1732,応援します。あなたの経営！地域に広げよう摂津市商工会の信頼ネットワーク。大阪府摂津市,"摂津市,摂津市商工会,経営相談,企業サポート,","<h1 class=""entry-title"">事業資金セミナー「プロが教える銀行が喜ぶ３つのポイント！」10/9</h1>",(不明),"21,793","text/html; charset=UTF-8"
"事業資金調達力強化セミナー 小さな会社のための資金繰り改善術(11/18) | 摂津市商工会",https://settsu-sci.jp/archives/1352,応援します。あなたの経営！地域に広げよう摂津市商工会の信頼ネットワーク。大阪府摂津市,"摂津市,摂津市商工会,経営相談,企業サポート,","<h1 class=""entry-title"">事業資金調達力強化セミナー 小さな会社のための資金繰り改善術(11/18)</h1>",(不明),"22,256","text/html; charset=UTF-8"
"事業者向けサービス | 摂津市商工会",https://settsu-sci.jp/service,応援します。あなたの経営！地域に広げよう摂津市商工会の信頼ネットワーク。大阪府摂津市,"摂津市,摂津市商工会,経営相談,企業サポート,","<h1 class=""entry-title"">事業者向けサービス</h1>",(不明),"16,113","text/html; charset=UTF-8"
"事業主・管理職のための人材育成術　コーチングでモチベーション・雇用・売上アップセミナー（2/9） | 摂津市商工会",https://settsu-sci.jp/archives/1899,応援します。あなたの経営！地域に広げよう摂津市商工会の信頼ネットワーク。大阪府摂津市,"摂津市,摂津市商工会,経営相談,企業サポート,","<h1 class=""entry-title"">事業主・管理職のための人材育成術　コーチングでモチベーション・雇用・売上アップセミナー（2/9）</h1>",(不明),"22,544","text/html; charset=UTF-8"
"事業承継セミナーアンケート（第1回） | 摂津市商工会",https://settsu-sci.jp/archives/6036,応援します。あなたの経営！地域に広げよう摂津市商工会の信頼ネットワーク。大阪府摂津市,"摂津市,摂津市商工会,経営相談,企業サポート,","<h1 class=""entry-title"">事業承継セミナーアンケート（第1回）</h1>",(不明),"18,742","text/html; charset=UTF-8"
"事務スタッフ４ | 摂津市商工会",https://settsu-sci.jp/archives/author/crawds,応援します。あなたの経営！地域に広げよう摂津市商工会の信頼ネットワーク。大阪府摂津市,"摂津市,摂津市商工会,経営相談,企業サポート,","<h1 class=""page-title author"">作成者別アーカイブ: <span class='vcard'><a class='url fn n' href='https://settsu-sci.jp/archives/author/crawds' title='事務スタッフ４' rel='me'>事務スタッフ４</a></span></h1>",(不明),"30,084","text/html; charset=UTF-8"
"自動車事故見舞金共済 | 摂津市商工会",https://settsu-sci.jp/service/ksai-top/ksai-jiko,応援します。あなたの経営！地域に広げよう摂津市商工会の信頼ネットワーク。大阪府摂津市,"摂津市,摂津市商工会,経営相談,企業サポート,","<h1 class=""entry-title"">自動車事故見舞金共済</h1>",(不明),"16,780","text/html; charset=UTF-8"
"自分のお店を持つという夢にチャレンジしてみませんか？想いをカタチに！チャレンジショップ出店者追加募集！（申込先着順） | 摂津市商工会",https://settsu-sci.jp/archives/2622,応援します。あなたの経営！地域に広げよう摂津市商工会の信頼ネットワーク。大阪府摂津市,"摂津市,摂津市商工会,経営相談,企業サポート,","<h1 class=""entry-title"">自分のお店を持つという夢にチャレンジしてみませんか？想いをカタチに！チャレンジショップ出店者追加募集！（申込先着順）</h1>",(不明),"19,187","text/html; charset=UTF-8"
"実例から見る労務トラブル予防セミナー（10/17） | 摂津市商工会",https://settsu-sci.jp/archives/1729,応援します。あなたの経営！地域に広げよう摂津市商工会の信頼ネットワーク。大阪府摂津市,"摂津市,摂津市商工会,経営相談,企業サポート,","<h1 class=""entry-title"">実例から見る労務トラブル予防セミナー（10/17）</h1>",(不明),"21,696","text/html; charset=UTF-8"
"社員の健康で企業の業績アップ！　心も身体もリフレッシュ！目指せ生涯現役セミナー（11/20） | 摂津市商工会",https://settsu-sci.jp/archives/3735,応援します。あなたの経営！地域に広げよう摂津市商工会の信頼ネットワーク。大阪府摂津市,"摂津市,摂津市商工会,経営相談,企業サポート,","<h1 class=""entry-title"">社員の健康で企業の業績アップ！　心も身体もリフレッシュ！目指せ生涯現役セミナー（11/20）</h1>",(不明),"22,134","text/html; charset=UTF-8"
"社員の自立を促すセミナー（10/21） | 摂津市商工会",https://settsu-sci.jp/archives/2226,応援します。あなたの経営！地域に広げよう摂津市商工会の信頼ネットワーク。大阪府摂津市,"摂津市,摂津市商工会,経営相談,企業サポート,","<h1 class=""entry-title"">社員の自立を促すセミナー（10/21）</h1>",(不明),"22,613","text/html; charset=UTF-8"
"社内コミュニケーション活性化で売上アップ！　売上アップ・コミュニケーション力セミナー（2/12） | 摂津市商工会",https://settsu-sci.jp/archives/1913,応援します。あなたの経営！地域に広げよう摂津市商工会の信頼ネットワーク。大阪府摂津市,"摂津市,摂津市商工会,経営相談,企業サポート,","<h1 class=""entry-title"">社内コミュニケーション活性化で売上アップ！　売上アップ・コミュニケーション力セミナー（2/12）</h1>",(不明),"22,183","text/html; charset=UTF-8"
"従業員定着支援セミナー活躍する姿から逆算する”辞めない”採用と育成の取り組み方（3/8） | 摂津市商工会",https://settsu-sci.jp/archives/3044,応援します。あなたの経営！地域に広げよう摂津市商工会の信頼ネットワーク。大阪府摂津市,"摂津市,摂津市商工会,経営相談,企業サポート,","<h1 class=""entry-title"">従業員定着支援セミナー活躍する姿から逆算する”辞めない”採用と育成の取り組み方（3/8）</h1>",(不明),"22,765","text/html; charset=UTF-8"
"初級 社会保険・労務管理実務トレーニング講座（10/15,22,29） | 摂津市商工会",https://settsu-sci.jp/archives/799,応援します。あなたの経営！地域に広げよう摂津市商工会の信頼ネットワーク。大阪府摂津市,"摂津市,摂津市商工会,経営相談,企業サポート,","<h1 class=""entry-title"">初級 社会保険・労務管理実務トレーニング講座（10/15,22,29）</h1>",(不明),"18,355","text/html; charset=UTF-8"
"初心者のためのマイナンバー実務講座（9/29） | 摂津市商工会",https://settsu-sci.jp/archives/2209,応援します。あなたの経営！地域に広げよう摂津市商工会の信頼ネットワーク。大阪府摂津市,"摂津市,摂津市商工会,経営相談,企業サポート,","<h1 class=""entry-title"">初心者のためのマイナンバー実務講座（9/29）</h1>",(不明),"18,455","text/html; charset=UTF-8"
"女性のチャレンジを応援！　理論ではなく感じてみる創業セミナー（7/17、7/24、7/31、8/7） | 摂津市商工会",https://settsu-sci.jp/archives/2049,応援します。あなたの経営！地域に広げよう摂津市商工会の信頼ネットワーク。大阪府摂津市,"摂津市,摂津市商工会,経営相談,企業サポート,","<h1 class=""entry-title"">女性のチャレンジを応援！　理論ではなく感じてみる創業セミナー（7/17、7/24、7/31、8/7）</h1>",(不明),"24,017","text/html; charset=UTF-8"
"商工会とは | 摂津市商工会",https://settsu-sci.jp/syoukoukaitoha,応援します。あなたの経営！地域に広げよう摂津市商工会の信頼ネットワーク。大阪府摂津市,"摂津市,摂津市商工会,経営相談,企業サポート,","<h1 class=""entry-title"">商工会とは</h1>",(不明),"18,257","text/html; charset=UTF-8"
"商工会ニュース | 摂津市商工会",https://settsu-sci.jp/syoukoukaitoha/kaihotop,応援します。あなたの経営！地域に広げよう摂津市商工会の信頼ネットワーク。大阪府摂津市,"摂津市,摂津市商工会,経営相談,企業サポート,","<h1 class=""entry-title"">商工会ニュース</h1>",(不明),"112,526","text/html; charset=UTF-8"
"商工会館夏期休業のお知らせ（8/10?8/15） | 摂津市商工会",https://settsu-sci.jp/archives/3228,応援します。あなたの経営！地域に広げよう摂津市商工会の信頼ネットワーク。大阪府摂津市,"摂津市,摂津市商工会,経営相談,企業サポート,","<h1 class=""entry-title"">商工会館夏期休業のお知らせ（8/10?8/15）</h1>",(不明),"18,736","text/html; charset=UTF-8"
"商工会館夏期休業のお知らせ(8/11～8/15) | 摂津市商工会",https://settsu-sci.jp/archives/2644,応援します。あなたの経営！地域に広げよう摂津市商工会の信頼ネットワーク。大阪府摂津市,"摂津市,摂津市商工会,経営相談,企業サポート,","<h1 class=""entry-title"">商工会館夏期休業のお知らせ(8/11～8/15)</h1>",(不明),"18,581","text/html; charset=UTF-8"
"商工会館夏期休業のお知らせ(8/13～8/16) | 摂津市商工会",https://settsu-sci.jp/archives/1697,応援します。あなたの経営！地域に広げよう摂津市商工会の信頼ネットワーク。大阪府摂津市,"摂津市,摂津市商工会,経営相談,企業サポート,","<h1 class=""entry-title"">商工会館夏期休業のお知らせ(8/13～8/16)</h1>",(不明),"18,511","text/html; charset=UTF-8"
"商工会館夏期休業のお知らせ(8/14～8/16) | 摂津市商工会",https://settsu-sci.jp/archives/1295,応援します。あなたの経営！地域に広げよう摂津市商工会の信頼ネットワーク。大阪府摂津市,"摂津市,摂津市商工会,経営相談,企業サポート,","<h1 class=""entry-title"">商工会館夏期休業のお知らせ(8/14～8/16)</h1>",(不明),"18,297","text/html; charset=UTF-8"
"商工会館夏期休業のお知らせ（8/15） | 摂津市商工会",https://settsu-sci.jp/archives/5007,応援します。あなたの経営！地域に広げよう摂津市商工会の信頼ネットワーク。大阪府摂津市,"摂津市,摂津市商工会,経営相談,企業サポート,","<h1 class=""entry-title"">商工会館夏期休業のお知らせ（8/15）</h1>",(不明),"19,158","text/html; charset=UTF-8"
"商工貯蓄共済 | 摂津市商工会",https://settsu-sci.jp/service/ksai-top/ksai-tyokyo,応援します。あなたの経営！地域に広げよう摂津市商工会の信頼ネットワーク。大阪府摂津市,"摂津市,摂津市商工会,経営相談,企業サポート,","<h1 class=""entry-title"">商工貯蓄共済</h1>",(不明),"15,867","text/html; charset=UTF-8"
"小さなお店の効果的な販促手法を学ぶ！まちゼミセミナー＆交流会（10/24） | 摂津市商工会",https://settsu-sci.jp/archives/3329,応援します。あなたの経営！地域に広げよう摂津市商工会の信頼ネットワーク。大阪府摂津市,"摂津市,摂津市商工会,経営相談,企業サポート,","<h1 class=""entry-title"">小さなお店の効果的な販促手法を学ぶ！まちゼミセミナー＆交流会（10/24）</h1>",(不明),"21,997","text/html; charset=UTF-8"
"小企業等経営改善資金（マルケイ融資） | 摂津市商工会",https://settsu-sci.jp/service/yusi-top/marukei,応援します。あなたの経営！地域に広げよう摂津市商工会の信頼ネットワーク。大阪府摂津市,"摂津市,摂津市商工会,経営相談,企業サポート,","<h1 class=""entry-title"">小企業等経営改善資金（マルケイ融資）</h1>",(不明),"15,649","text/html; charset=UTF-8"
"小規模企業サポート資金 商工会議所等連携型 | 摂津市商工会",https://settsu-sci.jp/service/yusi-top/yusi-oskf,応援します。あなたの経営！地域に広げよう摂津市商工会の信頼ネットワーク。大阪府摂津市,"摂津市,摂津市商工会,経営相談,企業サポート,","<h1 class=""entry-title"">小規模企業サポート資金 商工会議所等連携型</h1>",(不明),"18,278","text/html; charset=UTF-8"
"小規模企業共済 | 摂津市商工会",https://settsu-sci.jp/service/ksai-top/ksai-skibo,応援します。あなたの経営！地域に広げよう摂津市商工会の信頼ネットワーク。大阪府摂津市,"摂津市,摂津市商工会,経営相談,企業サポート,","<h1 class=""entry-title"">小規模企業共済</h1>",(不明),"18,066","text/html; charset=UTF-8"
"小規模事業者持続化補助金獲得に向けたポイント教えます！「事業計画の書き方」セミナー＆個別相談会（4/14・20・30） | 摂津市商工会",https://settsu-sci.jp/archives/2002,応援します。あなたの経営！地域に広げよう摂津市商工会の信頼ネットワーク。大阪府摂津市,"摂津市,摂津市商工会,経営相談,企業サポート,","<h1 class=""entry-title"">小規模事業者持続化補助金獲得に向けたポイント教えます！「事業計画の書き方」セミナー＆個別相談会（4/14・20・30）</h1>",(不明),"24,182","text/html; charset=UTF-8"
"消費税UPに備えて売上UP　インスタグラムビジネス活用（1/22） | 摂津市商工会",https://settsu-sci.jp/archives/3831,応援します。あなたの経営！地域に広げよう摂津市商工会の信頼ネットワーク。大阪府摂津市,"摂津市,摂津市商工会,経営相談,企業サポート,","<h1 class=""entry-title"">消費税UPに備えて売上UP　インスタグラムビジネス活用（1/22）</h1>",(不明),"21,790","text/html; charset=UTF-8"
"消費税UPに備えて売上アップに繋げるLINE＠活用術（1/29） | 摂津市商工会",https://settsu-sci.jp/archives/3823,応援します。あなたの経営！地域に広げよう摂津市商工会の信頼ネットワーク。大阪府摂津市,"摂津市,摂津市商工会,経営相談,企業サポート,","<h1 class=""entry-title"">消費税UPに備えて売上アップに繋げるLINE＠活用術（1/29）</h1>",(不明),"21,615","text/html; charset=UTF-8"
"省エネでコスト削減提案！あなたの会社や店舗のコストを見直してみませんか | 摂津市商工会",https://settsu-sci.jp/archives/1727,応援します。あなたの経営！地域に広げよう摂津市商工会の信頼ネットワーク。大阪府摂津市,"摂津市,摂津市商工会,経営相談,企業サポート,","<h1 class=""entry-title"">省エネでコスト削減提案！あなたの会社や店舗のコストを見直してみませんか</h1>",(不明),"18,441","text/html; charset=UTF-8"
"新しい出会い　感動と共感　そして新しい繋がりへ　地域を元気にする交流会（11/2） | 摂津市商工会",https://settsu-sci.jp/archives/3747,応援します。あなたの経営！地域に広げよう摂津市商工会の信頼ネットワーク。大阪府摂津市,"摂津市,摂津市商工会,経営相談,企業サポート,","<h1 class=""entry-title"">新しい出会い　感動と共感　そして新しい繋がりへ　地域を元気にする交流会（11/2）</h1>",(不明),"22,824","text/html; charset=UTF-8"
"新規開業資金 | 摂津市商工会",https://settsu-sci.jp/service/yusi-top/kaigyo,応援します。あなたの経営！地域に広げよう摂津市商工会の信頼ネットワーク。大阪府摂津市,"摂津市,摂津市商工会,経営相談,企業サポート,","<h1 class=""entry-title"">新規開業資金</h1>",(不明),"17,015","text/html; charset=UTF-8"
"新着情報 | 摂津市商工会",https://settsu-sci.jp/archives/category/information,応援します。あなたの経営！地域に広げよう摂津市商工会の信頼ネットワーク。大阪府摂津市,"摂津市,摂津市商工会,経営相談,企業サポート,","<h1 class=""page-title"">カテゴリー別アーカイブ: <span>新着情報</span></h1>",(不明),"33,664","text/html; charset=UTF-8"
"新着情報 | 摂津市商工会 | ページ 10",https://settsu-sci.jp/archives/category/information/page/10,応援します。あなたの経営！地域に広げよう摂津市商工会の信頼ネットワーク。大阪府摂津市,"摂津市,摂津市商工会,経営相談,企業サポート,","<h1 class=""page-title"">カテゴリー別アーカイブ: <span>新着情報</span></h1>",(不明),"33,064","text/html; charset=UTF-8"
"新着情報 | 摂津市商工会 | ページ 11",https://settsu-sci.jp/archives/category/information/page/11,応援します。あなたの経営！地域に広げよう摂津市商工会の信頼ネットワーク。大阪府摂津市,"摂津市,摂津市商工会,経営相談,企業サポート,","<h1 class=""page-title"">カテゴリー別アーカイブ: <span>新着情報</span></h1>",(不明),"32,978","text/html; charset=UTF-8"
"新着情報 | 摂津市商工会 | ページ 12",https://settsu-sci.jp/archives/category/information/page/12,応援します。あなたの経営！地域に広げよう摂津市商工会の信頼ネットワーク。大阪府摂津市,"摂津市,摂津市商工会,経営相談,企業サポート,","<h1 class=""page-title"">カテゴリー別アーカイブ: <span>新着情報</span></h1>",(不明),"33,176","text/html; charset=UTF-8"
"新着情報 | 摂津市商工会 | ページ 13",https://settsu-sci.jp/archives/category/information/page/13,応援します。あなたの経営！地域に広げよう摂津市商工会の信頼ネットワーク。大阪府摂津市,"摂津市,摂津市商工会,経営相談,企業サポート,","<h1 class=""page-title"">カテゴリー別アーカイブ: <span>新着情報</span></h1>",(不明),"32,546","text/html; charset=UTF-8"
"新着情報 | 摂津市商工会 | ページ 14",https://settsu-sci.jp/archives/category/information/page/14,応援します。あなたの経営！地域に広げよう摂津市商工会の信頼ネットワーク。大阪府摂津市,"摂津市,摂津市商工会,経営相談,企業サポート,","<h1 class=""page-title"">カテゴリー別アーカイブ: <span>新着情報</span></h1>",(不明),"32,875","text/html; charset=UTF-8"
"新着情報 | 摂津市商工会 | ページ 15",https://settsu-sci.jp/archives/category/information/page/15,応援します。あなたの経営！地域に広げよう摂津市商工会の信頼ネットワーク。大阪府摂津市,"摂津市,摂津市商工会,経営相談,企業サポート,","<h1 class=""page-title"">カテゴリー別アーカイブ: <span>新着情報</span></h1>",(不明),"33,729","text/html; charset=UTF-8"
"新着情報 | 摂津市商工会 | ページ 16",https://settsu-sci.jp/archives/category/information/page/16,応援します。あなたの経営！地域に広げよう摂津市商工会の信頼ネットワーク。大阪府摂津市,"摂津市,摂津市商工会,経営相談,企業サポート,","<h1 class=""page-title"">カテゴリー別アーカイブ: <span>新着情報</span></h1>",(不明),"32,482","text/html; charset=UTF-8"
"新着情報 | 摂津市商工会 | ページ 17",https://settsu-sci.jp/archives/category/information/page/17,応援します。あなたの経営！地域に広げよう摂津市商工会の信頼ネットワーク。大阪府摂津市,"摂津市,摂津市商工会,経営相談,企業サポート,","<h1 class=""page-title"">カテゴリー別アーカイブ: <span>新着情報</span></h1>",(不明),"33,199","text/html; charset=UTF-8"
"新着情報 | 摂津市商工会 | ページ 18",https://settsu-sci.jp/archives/category/information/page/18,応援します。あなたの経営！地域に広げよう摂津市商工会の信頼ネットワーク。大阪府摂津市,"摂津市,摂津市商工会,経営相談,企業サポート,","<h1 class=""page-title"">カテゴリー別アーカイブ: <span>新着情報</span></h1>",(不明),"32,415","text/html; charset=UTF-8"
"新着情報 | 摂津市商工会 | ページ 19",https://settsu-sci.jp/archives/category/information/page/19,応援します。あなたの経営！地域に広げよう摂津市商工会の信頼ネットワーク。大阪府摂津市,"摂津市,摂津市商工会,経営相談,企業サポート,","<h1 class=""page-title"">カテゴリー別アーカイブ: <span>新着情報</span></h1>",(不明),"32,914","text/html; charset=UTF-8"
"新着情報 | 摂津市商工会 | ページ 2",https://settsu-sci.jp/archives/category/information/page/2,応援します。あなたの経営！地域に広げよう摂津市商工会の信頼ネットワーク。大阪府摂津市,"摂津市,摂津市商工会,経営相談,企業サポート,","<h1 class=""page-title"">カテゴリー別アーカイブ: <span>新着情報</span></h1>",(不明),"33,998","text/html; charset=UTF-8"
"新着情報 | 摂津市商工会 | ページ 20",https://settsu-sci.jp/archives/category/information/page/20,応援します。あなたの経営！地域に広げよう摂津市商工会の信頼ネットワーク。大阪府摂津市,"摂津市,摂津市商工会,経営相談,企業サポート,","<h1 class=""page-title"">カテゴリー別アーカイブ: <span>新着情報</span></h1>",(不明),"33,014","text/html; charset=UTF-8"
"新着情報 | 摂津市商工会 | ページ 21",https://settsu-sci.jp/archives/category/information/page/21,応援します。あなたの経営！地域に広げよう摂津市商工会の信頼ネットワーク。大阪府摂津市,"摂津市,摂津市商工会,経営相談,企業サポート,","<h1 class=""page-title"">カテゴリー別アーカイブ: <span>新着情報</span></h1>",(不明),"31,707","text/html; charset=UTF-8"
"新着情報 | 摂津市商工会 | ページ 22",https://settsu-sci.jp/archives/category/information/page/22,応援します。あなたの経営！地域に広げよう摂津市商工会の信頼ネットワーク。大阪府摂津市,"摂津市,摂津市商工会,経営相談,企業サポート,","<h1 class=""page-title"">カテゴリー別アーカイブ: <span>新着情報</span></h1>",(不明),"32,148","text/html; charset=UTF-8"
"新着情報 | 摂津市商工会 | ページ 23",https://settsu-sci.jp/archives/category/information/page/23,応援します。あなたの経営！地域に広げよう摂津市商工会の信頼ネットワーク。大阪府摂津市,"摂津市,摂津市商工会,経営相談,企業サポート,","<h1 class=""page-title"">カテゴリー別アーカイブ: <span>新着情報</span></h1>",(不明),"31,734","text/html; charset=UTF-8"
"新着情報 | 摂津市商工会 | ページ 24",https://settsu-sci.jp/archives/category/information/page/24,応援します。あなたの経営！地域に広げよう摂津市商工会の信頼ネットワーク。大阪府摂津市,"摂津市,摂津市商工会,経営相談,企業サポート,","<h1 class=""page-title"">カテゴリー別アーカイブ: <span>新着情報</span></h1>",(不明),"30,860","text/html; charset=UTF-8"
"新着情報 | 摂津市商工会 | ページ 25",https://settsu-sci.jp/archives/category/information/page/25,応援します。あなたの経営！地域に広げよう摂津市商工会の信頼ネットワーク。大阪府摂津市,"摂津市,摂津市商工会,経営相談,企業サポート,","<h1 class=""page-title"">カテゴリー別アーカイブ: <span>新着情報</span></h1>",(不明),"31,208","text/html; charset=UTF-8"
"新着情報 | 摂津市商工会 | ページ 26",https://settsu-sci.jp/archives/category/information/page/26,応援します。あなたの経営！地域に広げよう摂津市商工会の信頼ネットワーク。大阪府摂津市,"摂津市,摂津市商工会,経営相談,企業サポート,","<h1 class=""page-title"">カテゴリー別アーカイブ: <span>新着情報</span></h1>",(不明),"20,053","text/html; charset=UTF-8"
"新着情報 | 摂津市商工会 | ページ 3",https://settsu-sci.jp/archives/category/information/page/3,応援します。あなたの経営！地域に広げよう摂津市商工会の信頼ネットワーク。大阪府摂津市,"摂津市,摂津市商工会,経営相談,企業サポート,","<h1 class=""page-title"">カテゴリー別アーカイブ: <span>新着情報</span></h1>",(不明),"34,838","text/html; charset=UTF-8"
"新着情報 | 摂津市商工会 | ページ 4",https://settsu-sci.jp/archives/category/information/page/4,応援します。あなたの経営！地域に広げよう摂津市商工会の信頼ネットワーク。大阪府摂津市,"摂津市,摂津市商工会,経営相談,企業サポート,","<h1 class=""page-title"">カテゴリー別アーカイブ: <span>新着情報</span></h1>",(不明),"34,538","text/html; charset=UTF-8"
"新着情報 | 摂津市商工会 | ページ 5",https://settsu-sci.jp/archives/category/information/page/5,応援します。あなたの経営！地域に広げよう摂津市商工会の信頼ネットワーク。大阪府摂津市,"摂津市,摂津市商工会,経営相談,企業サポート,","<h1 class=""page-title"">カテゴリー別アーカイブ: <span>新着情報</span></h1>",(不明),"33,212","text/html; charset=UTF-8"
"新着情報 | 摂津市商工会 | ページ 6",https://settsu-sci.jp/archives/category/information/page/6,応援します。あなたの経営！地域に広げよう摂津市商工会の信頼ネットワーク。大阪府摂津市,"摂津市,摂津市商工会,経営相談,企業サポート,","<h1 class=""page-title"">カテゴリー別アーカイブ: <span>新着情報</span></h1>",(不明),"33,843","text/html; charset=UTF-8"
"新着情報 | 摂津市商工会 | ページ 7",https://settsu-sci.jp/archives/category/information/page/7,応援します。あなたの経営！地域に広げよう摂津市商工会の信頼ネットワーク。大阪府摂津市,"摂津市,摂津市商工会,経営相談,企業サポート,","<h1 class=""page-title"">カテゴリー別アーカイブ: <span>新着情報</span></h1>",(不明),"31,719","text/html; charset=UTF-8"
"新着情報 | 摂津市商工会 | ページ 8",https://settsu-sci.jp/archives/category/information/page/8,応援します。あなたの経営！地域に広げよう摂津市商工会の信頼ネットワーク。大阪府摂津市,"摂津市,摂津市商工会,経営相談,企業サポート,","<h1 class=""page-title"">カテゴリー別アーカイブ: <span>新着情報</span></h1>",(不明),"32,348","text/html; charset=UTF-8"
"新着情報 | 摂津市商工会 | ページ 9",https://settsu-sci.jp/archives/category/information/page/9,応援します。あなたの経営！地域に広げよう摂津市商工会の信頼ネットワーク。大阪府摂津市,"摂津市,摂津市商工会,経営相談,企業サポート,","<h1 class=""page-title"">カテゴリー別アーカイブ: <span>新着情報</span></h1>",(不明),"33,793","text/html; charset=UTF-8"
"真剣勝負！実力アップのプロ指導！摂津市民囲碁将棋大会 | 摂津市商工会",https://settsu-sci.jp/archives/717,応援します。あなたの経営！地域に広げよう摂津市商工会の信頼ネットワーク。大阪府摂津市,"摂津市,摂津市商工会,経営相談,企業サポート,","<h1 class=""entry-title"">真剣勝負！実力アップのプロ指導！摂津市民囲碁将棋大会</h1>",(不明),"18,421","text/html; charset=UTF-8"
"人材育成セミナーアンケート | 摂津市商工会",https://settsu-sci.jp/archives/5589,応援します。あなたの経営！地域に広げよう摂津市商工会の信頼ネットワーク。大阪府摂津市,"摂津市,摂津市商工会,経営相談,企業サポート,","<h1 class=""entry-title"">人材育成セミナーアンケート</h1>",(不明),"34,603","text/html; charset=UTF-8"
"人財を育てるリーダー養成 交流型研修会 (9/27) | 摂津市商工会",https://settsu-sci.jp/archives/1311,応援します。あなたの経営！地域に広げよう摂津市商工会の信頼ネットワーク。大阪府摂津市,"摂津市,摂津市商工会,経営相談,企業サポート,","<h1 class=""entry-title"">人財を育てるリーダー養成 交流型研修会 (9/27)</h1>",(不明),"21,475","text/html; charset=UTF-8"
"人手不足で困っている中小企業経営者に聴いて欲しい！~外国人労働者を雇う時の基礎からの内容と雇用方法~（6/17） | 摂津市商工会",https://settsu-sci.jp/archives/3754,応援します。あなたの経営！地域に広げよう摂津市商工会の信頼ネットワーク。大阪府摂津市,"摂津市,摂津市商工会,経営相談,企業サポート,","<h1 class=""entry-title"">人手不足で困っている中小企業経営者に聴いて欲しい！~外国人労働者を雇う時の基礎からの内容と雇用方法~（6/17）</h1>",(不明),"18,930","text/html; charset=UTF-8"
"正社員・契約社員・パート採用予定の企業の皆様　9/5（金）摂津市障がい者就職フェア参加企業募集（7/25申込〆切） | 摂津市商工会",https://settsu-sci.jp/archives/1627,応援します。あなたの経営！地域に広げよう摂津市商工会の信頼ネットワーク。大阪府摂津市,"摂津市,摂津市商工会,経営相談,企業サポート,","<h1 class=""entry-title"">正社員・契約社員・パート採用予定の企業の皆様　9/5（金）摂津市障がい者就職フェア参加企業募集（7/25申込〆切）</h1>",(不明),"23,756","text/html; charset=UTF-8"
"正社員・契約社員・パート採用予定の企業の皆様へ　三市一町合同就職面接会（1/26）参加企業募集（11/21〆切） | 摂津市商工会",https://settsu-sci.jp/archives/3337,応援します。あなたの経営！地域に広げよう摂津市商工会の信頼ネットワーク。大阪府摂津市,"摂津市,摂津市商工会,経営相談,企業サポート,","<h1 class=""entry-title"">正社員・契約社員・パート採用予定の企業の皆様へ　三市一町合同就職面接会（1/26）参加企業募集（11/21〆切）</h1>",(不明),"24,209","text/html; charset=UTF-8"
"正社員・契約社員・パート採用予定企業の皆様　摂津市障がい者就職フェア参加企業募集（7/24〆切） | 摂津市商工会",https://settsu-sci.jp/archives/2097,応援します。あなたの経営！地域に広げよう摂津市商工会の信頼ネットワーク。大阪府摂津市,"摂津市,摂津市商工会,経営相談,企業サポート,","<h1 class=""entry-title"">正社員・契約社員・パート採用予定企業の皆様　摂津市障がい者就職フェア参加企業募集（7/24〆切）</h1>",(不明),"24,068","text/html; charset=UTF-8"
"正社員・新卒・契約社員・パート採用予定の企業の皆様　三市一町就職フェア合同面接会（1/27）参加企業募集中（11/22〆切） | 摂津市商工会",https://settsu-sci.jp/archives/2274,応援します。あなたの経営！地域に広げよう摂津市商工会の信頼ネットワーク。大阪府摂津市,"摂津市,摂津市商工会,経営相談,企業サポート,","<h1 class=""entry-title"">正社員・新卒・契約社員・パート採用予定の企業の皆様　三市一町就職フェア合同面接会（1/27）参加企業募集中（11/22〆切）</h1>",(不明),"23,882","text/html; charset=UTF-8"
"正社員・新卒・契約社員・パート採用予定の企業の皆様　三市一町就職フェア合同面接会（1/29）参加企業募集中（12/17〆切） | 摂津市商工会",https://settsu-sci.jp/archives/1805,応援します。あなたの経営！地域に広げよう摂津市商工会の信頼ネットワーク。大阪府摂津市,"摂津市,摂津市商工会,経営相談,企業サポート,","<h1 class=""entry-title"">正社員・新卒・契約社員・パート採用予定の企業の皆様　三市一町就職フェア合同面接会（1/29）参加企業募集中（12/17〆切）</h1>",(不明),"23,778","text/html; charset=UTF-8"
"税務・記帳 | 摂津市商工会",https://settsu-sci.jp/service/zeimu,応援します。あなたの経営！地域に広げよう摂津市商工会の信頼ネットワーク。大阪府摂津市,"摂津市,摂津市商工会,経営相談,企業サポート,","<h1 class=""entry-title"">税務・記帳</h1>",(不明),"15,924","text/html; charset=UTF-8"
"摂津まるごとまちゼミ　ブラッシュアップ研修（10/24） | 摂津市商工会",https://settsu-sci.jp/archives/2708,応援します。あなたの経営！地域に広げよう摂津市商工会の信頼ネットワーク。大阪府摂津市,"摂津市,摂津市商工会,経営相談,企業サポート,","<h1 class=""entry-title"">摂津まるごとまちゼミ　ブラッシュアップ研修（10/24）</h1>",(不明),"21,914","text/html; charset=UTF-8"
摂津市商工会,https://settsu-sci.jp/,応援します。あなたの経営！地域に広げよう摂津市商工会の信頼ネットワーク。大阪府摂津市,"摂津市,摂津市商工会,経営相談,企業サポート,","<h1 id=""site-title""><span><!--<a href=""https://settsu-sci.jp/"" title=""摂津市商工会"" rel=""home"">摂津市商工会</a>--></span></h1>",(不明),"25,844","text/html; charset=UTF-8"
摂津市商工会,https://settsu-sci.jp/archives/4700,応援します。あなたの経営！地域に広げよう摂津市商工会の信頼ネットワーク。大阪府摂津市,"摂津市,摂津市商工会,経営相談,企業サポート,","<h1 class=""entry-title"">保護中:</h1>",(不明),"19,082","text/html; charset=UTF-8"
摂津市商工会,https://settsu-sci.jp/archives/5663,応援します。あなたの経営！地域に広げよう摂津市商工会の信頼ネットワーク。大阪府摂津市,"摂津市,摂津市商工会,経営相談,企業サポート,","<h1 class=""entry-title"">保護中:</h1>",(不明),"18,894","text/html; charset=UTF-8"
"摂津市商工会 &rsaquo; パスワード紛失",https://settsu-sci.jp/next/wp-login.php?action=lostpassword,（なし）,（なし）,"<h1><a href=""http://ja.wordpress.org/"" title=""Powered by WordPress"">摂津市商工会</a></h1>",(不明),"3,150","text/html; charset=UTF-8"
"摂津市商工会 &rsaquo; ログイン",https://settsu-sci.jp/next/wp-login.php,（なし）,（なし）,"<h1><a href=""http://ja.wordpress.org/"" title=""Powered by WordPress"">摂津市商工会</a></h1>",(不明),"3,459","text/html; charset=UTF-8"
"摂津市商工会会員優遇融資制度 | 摂津市商工会",https://settsu-sci.jp/service/yusi-top/kaiin-yuguyusi,応援します。あなたの経営！地域に広げよう摂津市商工会の信頼ネットワーク。大阪府摂津市,"摂津市,摂津市商工会,経営相談,企業サポート,","<h1 class=""entry-title"">摂津市商工会会員優遇融資制度</h1>",(不明),"15,673","text/html; charset=UTF-8"
"摂津市商工会館　移転のお知らせ（H26.9.1） | 摂津市商工会",https://settsu-sci.jp/archives/1706,応援します。あなたの経営！地域に広げよう摂津市商工会の信頼ネットワーク。大阪府摂津市,"摂津市,摂津市商工会,経営相談,企業サポート,","<h1 class=""entry-title"">摂津市商工会館　移転のお知らせ（H26.9.1）</h1>",(不明),"18,399","text/html; charset=UTF-8"
"摂津市商工会地図 | 摂津市商工会",https://settsu-sci.jp/syoukoukaitoha/access,応援します。あなたの経営！地域に広げよう摂津市商工会の信頼ネットワーク。大阪府摂津市,"摂津市,摂津市商工会,経営相談,企業サポート,","<h1 class=""entry-title"">摂津市商工会地図</h1>",(不明),"16,169","text/html; charset=UTF-8"
"摂津市障がい者就職フェア 参加企業募集のご案内(7/26締切) | 摂津市商工会",https://settsu-sci.jp/archives/1232,応援します。あなたの経営！地域に広げよう摂津市商工会の信頼ネットワーク。大阪府摂津市,"摂津市,摂津市商工会,経営相談,企業サポート,","<h1 class=""entry-title"">摂津市障がい者就職フェア 参加企業募集のご案内(7/26締切)</h1>",(不明),"23,430","text/html; charset=UTF-8"
"摂津市障がい者就職フェア参加企業募集（7/15〆切） | 摂津市商工会",https://settsu-sci.jp/archives/3156,応援します。あなたの経営！地域に広げよう摂津市商工会の信頼ネットワーク。大阪府摂津市,"摂津市,摂津市商工会,経営相談,企業サポート,","<h1 class=""entry-title"">摂津市障がい者就職フェア参加企業募集（7/15〆切）</h1>",(不明),"24,544","text/html; charset=UTF-8"
"摂津市障がい者就職フェア参加企業募集（7/22〆切） | 摂津市商工会",https://settsu-sci.jp/archives/2585,応援します。あなたの経営！地域に広げよう摂津市商工会の信頼ネットワーク。大阪府摂津市,"摂津市,摂津市商工会,経営相談,企業サポート,","<h1 class=""entry-title"">摂津市障がい者就職フェア参加企業募集（7/22〆切）</h1>",(不明),"23,849","text/html; charset=UTF-8"
"摂津市創業支援セミナー「わたしにもできる」夢をかなえる第一歩ママショップ応援セミナー＆ランチ交流会（2/3、2/9） | 摂津市商工会",https://settsu-sci.jp/archives/2989,応援します。あなたの経営！地域に広げよう摂津市商工会の信頼ネットワーク。大阪府摂津市,"摂津市,摂津市商工会,経営相談,企業サポート,","<h1 class=""entry-title"">摂津市創業支援セミナー「わたしにもできる」夢をかなえる第一歩ママショップ応援セミナー＆ランチ交流会（2/3、2/9）</h1>",(不明),"27,262","text/html; charset=UTF-8"
"摂津市中小企業事業資金 | 摂津市商工会",https://settsu-sci.jp/service/yusi-top/yusi-settsu,応援します。あなたの経営！地域に広げよう摂津市商工会の信頼ネットワーク。大阪府摂津市,"摂津市,摂津市商工会,経営相談,企業サポート,","<h1 class=""entry-title"">摂津市中小企業事業資金</h1>",(不明),"17,446","text/html; charset=UTF-8"
"摂津市民親睦チャリティゴルフ大会　１０月１１日 | 摂津市商工会",https://settsu-sci.jp/archives/720,応援します。あなたの経営！地域に広げよう摂津市商工会の信頼ネットワーク。大阪府摂津市,"摂津市,摂津市商工会,経営相談,企業サポート,","<h1 class=""entry-title"">摂津市民親睦チャリティゴルフ大会　１０月１１日</h1>",(不明),"18,398","text/html; charset=UTF-8"
"設備投資や販路開拓など新たな取組みをされる方に！補助金申請攻略セミナー（3/18） | 摂津市商工会",https://settsu-sci.jp/archives/3521,応援します。あなたの経営！地域に広げよう摂津市商工会の信頼ネットワーク。大阪府摂津市,"摂津市,摂津市商工会,経営相談,企業サポート,","<h1 class=""entry-title"">設備投資や販路開拓など新たな取組みをされる方に！補助金申請攻略セミナー（3/18）</h1>",(不明),"22,432","text/html; charset=UTF-8"
"絶対に役立つ！中小企業のための新卒・若年層採用セミナー（11/27） | 摂津市商工会",https://settsu-sci.jp/archives/1809,応援します。あなたの経営！地域に広げよう摂津市商工会の信頼ネットワーク。大阪府摂津市,"摂津市,摂津市商工会,経営相談,企業サポート,","<h1 class=""entry-title"">絶対に役立つ！中小企業のための新卒・若年層採用セミナー（11/27）</h1>",(不明),"22,782","text/html; charset=UTF-8"
"先進環境事業研修会 オムロン(株)綾部事業所工場見学(11/28) | 摂津市商工会",https://settsu-sci.jp/archives/1335,応援します。あなたの経営！地域に広げよう摂津市商工会の信頼ネットワーク。大阪府摂津市,"摂津市,摂津市商工会,経営相談,企業サポート,","<h1 class=""entry-title"">先進環境事業研修会 オムロン(株)綾部事業所工場見学(11/28)</h1>",(不明),"22,052","text/html; charset=UTF-8"
"専門相談 | 摂津市商工会",https://settsu-sci.jp/service/sennmonnsoudan,応援します。あなたの経営！地域に広げよう摂津市商工会の信頼ネットワーク。大阪府摂津市,"摂津市,摂津市商工会,経営相談,企業サポート,","<h1 class=""entry-title"">専門相談</h1>",(不明),"16,931","text/html; charset=UTF-8"
"組織 | 摂津市商工会",https://settsu-sci.jp/syoukoukaitoha/organization,応援します。あなたの経営！地域に広げよう摂津市商工会の信頼ネットワーク。大阪府摂津市,"摂津市,摂津市商工会,経営相談,企業サポート,","<h1 class=""entry-title"">組織</h1>",(不明),"17,039","text/html; charset=UTF-8"
"大久保テスト | 摂津市商工会",https://settsu-sci.jp/okubo,応援します。あなたの経営！地域に広げよう摂津市商工会の信頼ネットワーク。大阪府摂津市,"摂津市,摂津市商工会,経営相談,企業サポート,","<h1 class=""entry-title"">大久保テスト</h1>",(不明),"21,770","text/html; charset=UTF-8"
"大阪府火災共済 | 摂津市商工会",https://settsu-sci.jp/service/ksai-top/ksai-kasai,応援します。あなたの経営！地域に広げよう摂津市商工会の信頼ネットワーク。大阪府摂津市,"摂津市,摂津市商工会,経営相談,企業サポート,","<h1 class=""entry-title"">大阪府火災共済</h1>",(不明),"15,607","text/html; charset=UTF-8"
"第118回 彩都バイオサイエンスセミナー(10/3) | 摂津市商工会",https://settsu-sci.jp/archives/1315,応援します。あなたの経営！地域に広げよう摂津市商工会の信頼ネットワーク。大阪府摂津市,"摂津市,摂津市商工会,経営相談,企業サポート,","<h1 class=""entry-title"">第118回 彩都バイオサイエンスセミナー(10/3)</h1>",(不明),"22,687","text/html; charset=UTF-8"
"第177回 彩都バイオサイエンスセミナー in 茨木商工会議所 「機能性食品」の研究開発～「産官学＋民」の連携を目指して～（11月11日） | 摂津市商工会",https://settsu-sci.jp/archives/4159,応援します。あなたの経営！地域に広げよう摂津市商工会の信頼ネットワーク。大阪府摂津市,"摂津市,摂津市商工会,経営相談,企業サポート,","<h1 class=""entry-title"">第177回 彩都バイオサイエンスセミナー in 茨木商工会議所 「機能性食品」の研究開発～「産官学＋民」の連携を目指して～（11月11日）</h1>",(不明),"19,848","text/html; charset=UTF-8"
"第2回労働法改正セミナーアンケート | 摂津市商工会",https://settsu-sci.jp/archives/5176,応援します。あなたの経営！地域に広げよう摂津市商工会の信頼ネットワーク。大阪府摂津市,"摂津市,摂津市商工会,経営相談,企業サポート,","<h1 class=""entry-title"">第2回労働法改正セミナーアンケート</h1>",(不明),"26,226","text/html; charset=UTF-8"
"第３２回摂津市民親睦チャリティーゴルフ大会(10/9)のご案内 | 摂津市商工会",https://settsu-sci.jp/archives/1267,応援します。あなたの経営！地域に広げよう摂津市商工会の信頼ネットワーク。大阪府摂津市,"摂津市,摂津市商工会,経営相談,企業サポート,","<h1 class=""entry-title"">第３２回摂津市民親睦チャリティーゴルフ大会(10/9)のご案内</h1>",(不明),"18,538","text/html; charset=UTF-8"
"第３３回摂津市民親睦チャリティゴルフ大会（10/1） | 摂津市商工会",https://settsu-sci.jp/archives/1662,応援します。あなたの経営！地域に広げよう摂津市商工会の信頼ネットワーク。大阪府摂津市,"摂津市,摂津市商工会,経営相談,企業サポート,","<h1 class=""entry-title"">第３３回摂津市民親睦チャリティゴルフ大会（10/1）</h1>",(不明),"18,516","text/html; charset=UTF-8"
"第３５回摂津市民親睦チャリティーゴルフ大会（10/6） | 摂津市商工会",https://settsu-sci.jp/archives/2165,応援します。あなたの経営！地域に広げよう摂津市商工会の信頼ネットワーク。大阪府摂津市,"摂津市,摂津市商工会,経営相談,企業サポート,","<h1 class=""entry-title"">第３５回摂津市民親睦チャリティーゴルフ大会（10/6）</h1>",(不明),"18,509","text/html; charset=UTF-8"
"第３６回摂津市民親睦チャリティーゴルフ大会（11/21） | 摂津市商工会",https://settsu-sci.jp/archives/3262,応援します。あなたの経営！地域に広げよう摂津市商工会の信頼ネットワーク。大阪府摂津市,"摂津市,摂津市商工会,経営相談,企業サポート,","<h1 class=""entry-title"">第３６回摂津市民親睦チャリティーゴルフ大会（11/21）</h1>",(不明),"19,019","text/html; charset=UTF-8"
"第３８回摂津市民親睦チャリティーゴルフ大会（10/16） | 摂津市商工会",https://settsu-sci.jp/archives/3677,応援します。あなたの経営！地域に広げよう摂津市商工会の信頼ネットワーク。大阪府摂津市,"摂津市,摂津市商工会,経営相談,企業サポート,","<h1 class=""entry-title"">第３８回摂津市民親睦チャリティーゴルフ大会（10/16）</h1>",(不明),"19,042","text/html; charset=UTF-8"
"第39回摂津市民親睦チャリティーゴルフ大会・第15回摂津市体育協会杯合同コンペ　結果について | 摂津市商工会",https://settsu-sci.jp/archives/6222,応援します。あなたの経営！地域に広げよう摂津市商工会の信頼ネットワーク。大阪府摂津市,"摂津市,摂津市商工会,経営相談,企業サポート,","<h1 class=""entry-title"">第39回摂津市民親睦チャリティーゴルフ大会・第15回摂津市体育協会杯合同コンペ　結果について</h1>",(不明),"20,068","text/html; charset=UTF-8"
"第3回労働法改正セミナーアンケート | 摂津市商工会",https://settsu-sci.jp/archives/5256,応援します。あなたの経営！地域に広げよう摂津市商工会の信頼ネットワーク。大阪府摂津市,"摂津市,摂津市商工会,経営相談,企業サポート,","<h1 class=""entry-title"">第3回労働法改正セミナーアンケート</h1>",(不明),"26,237","text/html; charset=UTF-8"
"第3回労働法改正セミナー録画配信希望　申込フォーム | 摂津市商工会",https://settsu-sci.jp/archives/5207,応援します。あなたの経営！地域に広げよう摂津市商工会の信頼ネットワーク。大阪府摂津市,"摂津市,摂津市商工会,経営相談,企業サポート,","<h1 class=""entry-title"">第3回労働法改正セミナー録画配信希望　申込フォーム</h1>",(不明),"20,604","text/html; charset=UTF-8"
"知って得する！！製造業・建設業のための「技能検定活用セミナー」（9/9） | 摂津市商工会",https://settsu-sci.jp/archives/2133,応援します。あなたの経営！地域に広げよう摂津市商工会の信頼ネットワーク。大阪府摂津市,"摂津市,摂津市商工会,経営相談,企業サポート,","<h1 class=""entry-title"">知って得する！！製造業・建設業のための「技能検定活用セミナー」（9/9）</h1>",(不明),"19,494","text/html; charset=UTF-8"
"知的資産発掘支援セミナー 9/26(木) | 摂津市商工会",https://settsu-sci.jp/archives/1303,応援します。あなたの経営！地域に広げよう摂津市商工会の信頼ネットワーク。大阪府摂津市,"摂津市,摂津市商工会,経営相談,企業サポート,","<h1 class=""entry-title"">知的資産発掘支援セミナー 9/26(木)</h1>",(不明),"21,423","text/html; charset=UTF-8"
"地域活性化に取り組む北河内の熱い企業をチェック！北河内の地域資源を活用した事業を巡る見学（11/28） | 摂津市商工会",https://settsu-sci.jp/archives/3740,応援します。あなたの経営！地域に広げよう摂津市商工会の信頼ネットワーク。大阪府摂津市,"摂津市,摂津市商工会,経営相談,企業サポート,","<h1 class=""entry-title"">地域活性化に取り組む北河内の熱い企業をチェック！北河内の地域資源を活用した事業を巡る見学（11/28）</h1>",(不明),"22,350","text/html; charset=UTF-8"
"地域支援ネットワーク 北おおさか信用金庫 地域いきいきローン | 摂津市商工会",https://settsu-sci.jp/service/yusi-top/chiikiikiiki,応援します。あなたの経営！地域に広げよう摂津市商工会の信頼ネットワーク。大阪府摂津市,"摂津市,摂津市商工会,経営相談,企業サポート,","<h1 class=""entry-title"">地域支援ネットワーク 北おおさか信用金庫 地域いきいきローン</h1>",(不明),"16,876","text/html; charset=UTF-8"
"地区総会の開催場所変更のご案内 | 摂津市商工会",https://settsu-sci.jp/archives/4574,応援します。あなたの経営！地域に広げよう摂津市商工会の信頼ネットワーク。大阪府摂津市,"摂津市,摂津市商工会,経営相談,企業サポート,","<h1 class=""entry-title"">地区総会の開催場所変更のご案内</h1>",(不明),"19,428","text/html; charset=UTF-8"
"中小企業PL保険 | 摂津市商工会",https://settsu-sci.jp/service/ksai-top/ksai-pl,応援します。あなたの経営！地域に広げよう摂津市商工会の信頼ネットワーク。大阪府摂津市,"摂津市,摂津市商工会,経営相談,企業サポート,","<h1 class=""entry-title"">中小企業PL保険</h1>",(不明),"18,678","text/html; charset=UTF-8"
"中小企業が知っておくべき個人情報の基本！　企業の個人情報保護について（3/4） | 摂津市商工会",https://settsu-sci.jp/archives/1554,応援します。あなたの経営！地域に広げよう摂津市商工会の信頼ネットワーク。大阪府摂津市,"摂津市,摂津市商工会,経営相談,企業サポート,","<h1 class=""entry-title"">中小企業が知っておくべき個人情報の基本！　企業の個人情報保護について（3/4）</h1>",(不明),"22,950","text/html; charset=UTF-8"
"中小企業の為のＷｅｂメディア活用セミナー「ＨＰ・blog・ｿｰｼｬﾙﾒﾃﾞｨｱの連携活用法」（9/19、10/3、10/17） | 摂津市商工会",https://settsu-sci.jp/archives/1669,応援します。あなたの経営！地域に広げよう摂津市商工会の信頼ネットワーク。大阪府摂津市,"摂津市,摂津市商工会,経営相談,企業サポート,","<h1 class=""entry-title"">中小企業の為のＷｅｂメディア活用セミナー「ＨＰ・blog・ｿｰｼｬﾙﾒﾃﾞｨｱの連携活用法」（9/19、10/3、10/17）</h1>",(不明),"25,097","text/html; charset=UTF-8"
"中小企業倒産防止共済 | 摂津市商工会",https://settsu-sci.jp/service/ksai-top/ksai-tosan,応援します。あなたの経営！地域に広げよう摂津市商工会の信頼ネットワーク。大阪府摂津市,"摂津市,摂津市商工会,経営相談,企業サポート,","<h1 class=""entry-title"">中小企業倒産防止共済</h1>",(不明),"18,074","text/html; charset=UTF-8"
"町工場が結束して世界初に挑戦！ピンチをチャンスに変える知的財産！ビジネスチャンスのヒントがここにある！摂津市ビジネスマッチングフェア（6/21） | 摂津市商工会",https://settsu-sci.jp/archives/2510,応援します。あなたの経営！地域に広げよう摂津市商工会の信頼ネットワーク。大阪府摂津市,"摂津市,摂津市商工会,経営相談,企業サポート,","<h1 class=""entry-title"">町工場が結束して世界初に挑戦！ピンチをチャンスに変える知的財産！ビジネスチャンスのヒントがここにある！摂津市ビジネスマッチングフェア（6/21）</h1>",(不明),"24,615","text/html; charset=UTF-8"
"定期健康診断９月１３日～９月２６日 | 摂津市商工会",https://settsu-sci.jp/archives/728,応援します。あなたの経営！地域に広げよう摂津市商工会の信頼ネットワーク。大阪府摂津市,"摂津市,摂津市商工会,経営相談,企業サポート,","<h1 class=""entry-title"">定期健康診断９月１３日～９月２６日</h1>",(不明),"18,320","text/html; charset=UTF-8"
"特定退職金共済 | 摂津市商工会",https://settsu-sci.jp/service/ksai-top/ksai-toku,応援します。あなたの経営！地域に広げよう摂津市商工会の信頼ネットワーク。大阪府摂津市,"摂津市,摂津市商工会,経営相談,企業サポート,","<h1 class=""entry-title"">特定退職金共済</h1>",(不明),"16,937","text/html; charset=UTF-8"
"独身のみなさんに出会いの場を提供し応援します！第１０回赤い糸大作戦（6/11） | 摂津市商工会",https://settsu-sci.jp/archives/7809,応援します。あなたの経営！地域に広げよう摂津市商工会の信頼ネットワーク。大阪府摂津市,"摂津市,摂津市商工会,経営相談,企業サポート,","<h1 class=""entry-title"">独身のみなさんに出会いの場を提供し応援します！第１０回赤い糸大作戦（6/11）</h1>",(不明),"18,778","text/html; charset=UTF-8"
"独身のみなさんに出会いの場を提供し応援します！第１回赤い糸大作戦（4/30） | 摂津市商工会",https://settsu-sci.jp/archives/2462,応援します。あなたの経営！地域に広げよう摂津市商工会の信頼ネットワーク。大阪府摂津市,"摂津市,摂津市商工会,経営相談,企業サポート,","<h1 class=""entry-title"">独身のみなさんに出会いの場を提供し応援します！第１回赤い糸大作戦（4/30）</h1>",(不明),"19,640","text/html; charset=UTF-8"
"独身のみなさんに出会いの場を提供し応援します！第２回赤い糸大作戦（10/20） | 摂津市商工会",https://settsu-sci.jp/archives/2716,応援します。あなたの経営！地域に広げよう摂津市商工会の信頼ネットワーク。大阪府摂津市,"摂津市,摂津市商工会,経営相談,企業サポート,","<h1 class=""entry-title"">独身のみなさんに出会いの場を提供し応援します！第２回赤い糸大作戦（10/20）</h1>",(不明),"19,066","text/html; charset=UTF-8"
"独身のみなさんに出会いの場を提供し応援します！第３回赤い糸大作戦（4/15） | 摂津市商工会",https://settsu-sci.jp/archives/3063,応援します。あなたの経営！地域に広げよう摂津市商工会の信頼ネットワーク。大阪府摂津市,"摂津市,摂津市商工会,経営相談,企業サポート,","<h1 class=""entry-title"">独身のみなさんに出会いの場を提供し応援します！第３回赤い糸大作戦（4/15）</h1>",(不明),"19,258","text/html; charset=UTF-8"
"独身のみなさんに出会いの場を提供し応援します！第７回赤い糸大作戦（〆切済） | 摂津市商工会",https://settsu-sci.jp/archives/3294,応援します。あなたの経営！地域に広げよう摂津市商工会の信頼ネットワーク。大阪府摂津市,"摂津市,摂津市商工会,経営相談,企業サポート,","<h1 class=""entry-title"">独身のみなさんに出会いの場を提供し応援します！第７回赤い糸大作戦（〆切済）</h1>",(不明),"18,804","text/html; charset=UTF-8"
"日本政策金融公庫Cooperation一日金融相談会～夏の陣～（6/19） | 摂津市商工会",https://settsu-sci.jp/archives/3159,応援します。あなたの経営！地域に広げよう摂津市商工会の信頼ネットワーク。大阪府摂津市,"摂津市,摂津市商工会,経営相談,企業サポート,","<h1 class=""entry-title"">日本政策金融公庫Cooperation一日金融相談会～夏の陣～（6/19）</h1>",(不明),"24,757","text/html; charset=UTF-8"
"入会のご案内 | 摂津市商工会",https://settsu-sci.jp/syoukoukaitoha/nyuukai,応援します。あなたの経営！地域に広げよう摂津市商工会の信頼ネットワーク。大阪府摂津市,"摂津市,摂津市商工会,経営相談,企業サポート,","<h1 class=""entry-title"">入会のご案内</h1>",(不明),"23,709","text/html; charset=UTF-8"
"年末資金のご準備に！一日金融相談会（11/14） | 摂津市商工会",https://settsu-sci.jp/archives/3777,応援します。あなたの経営！地域に広げよう摂津市商工会の信頼ネットワーク。大阪府摂津市,"摂津市,摂津市商工会,経営相談,企業サポート,","<h1 class=""entry-title"">年末資金のご準備に！一日金融相談会（11/14）</h1>",(不明),"24,342","text/html; charset=UTF-8"
"普通貸付 | 摂津市商工会",https://settsu-sci.jp/service/yusi-top/yusi-futu,応援します。あなたの経営！地域に広げよう摂津市商工会の信頼ネットワーク。大阪府摂津市,"摂津市,摂津市商工会,経営相談,企業サポート,","<h1 class=""entry-title"">普通貸付</h1>",(不明),"17,170","text/html; charset=UTF-8"
"部下を伸ばし、人材から人財へ　褒め方　叱り方セミナー（2/22） | 摂津市商工会",https://settsu-sci.jp/archives/2405,応援します。あなたの経営！地域に広げよう摂津市商工会の信頼ネットワーク。大阪府摂津市,"摂津市,摂津市商工会,経営相談,企業サポート,","<h1 class=""entry-title"">部下を伸ばし、人材から人財へ　褒め方　叱り方セミナー（2/22）</h1>",(不明),"22,521","text/html; charset=UTF-8"
"平成25年　摂津市年賀交歓会 | 摂津市商工会",https://settsu-sci.jp/archives/1028,応援します。あなたの経営！地域に広げよう摂津市商工会の信頼ネットワーク。大阪府摂津市,"摂津市,摂津市商工会,経営相談,企業サポート,","<h1 class=""entry-title"">平成25年　摂津市年賀交歓会</h1>",(不明),"19,318","text/html; charset=UTF-8"
"平成２５年度会員事業所優良従業員表彰被表彰者ご推薦のお願い(10/31〆切) | 摂津市商工会",https://settsu-sci.jp/archives/1265,応援します。あなたの経営！地域に広げよう摂津市商工会の信頼ネットワーク。大阪府摂津市,"摂津市,摂津市商工会,経営相談,企業サポート,","<h1 class=""entry-title"">平成２５年度会員事業所優良従業員表彰被表彰者ご推薦のお願い(10/31〆切)</h1>",(不明),"18,735","text/html; charset=UTF-8"
"平成２５年度定期健康診断(9/17～19、24～25、27、10/7)のご案内 | 摂津市商工会",https://settsu-sci.jp/archives/1270,応援します。あなたの経営！地域に広げよう摂津市商工会の信頼ネットワーク。大阪府摂津市,"摂津市,摂津市商工会,経営相談,企業サポート,","<h1 class=""entry-title"">平成２５年度定期健康診断(9/17～19、24～25、27、10/7)のご案内</h1>",(不明),"18,568","text/html; charset=UTF-8"
"平成２５年分所得税・消費税　確定申告相談会（2/17?3/17）／税理士による個別相談会（2/17,19,21,25,27,3/3,6,10,12,14） | 摂津市商工会",https://settsu-sci.jp/archives/1552,応援します。あなたの経営！地域に広げよう摂津市商工会の信頼ネットワーク。大阪府摂津市,"摂津市,摂津市商工会,経営相談,企業サポート,","<h1 class=""entry-title"">平成２５年分所得税・消費税　確定申告相談会（2/17?3/17）／税理士による個別相談会（2/17,19,21,25,27,3/3,6,10,12,14）</h1>",(不明),"18,782","text/html; charset=UTF-8"
"平成26年　摂津市年賀交歓会(1/7) | 摂津市商工会",https://settsu-sci.jp/archives/1478,応援します。あなたの経営！地域に広げよう摂津市商工会の信頼ネットワーク。大阪府摂津市,"摂津市,摂津市商工会,経営相談,企業サポート,","<h1 class=""entry-title"">平成26年　摂津市年賀交歓会(1/7)</h1>",(不明),"19,448","text/html; charset=UTF-8"
"平成２６年度　定期健康診断のご案内（8/21申込〆切） | 摂津市商工会",https://settsu-sci.jp/archives/1667,応援します。あなたの経営！地域に広げよう摂津市商工会の信頼ネットワーク。大阪府摂津市,"摂津市,摂津市商工会,経営相談,企業サポート,","<h1 class=""entry-title"">平成２６年度　定期健康診断のご案内（8/21申込〆切）</h1>",(不明),"18,905","text/html; charset=UTF-8"
"平成２６年度会員事業所優良従業員表彰被表彰者ご推薦のお願い（10/31〆切） | 摂津市商工会",https://settsu-sci.jp/archives/1665,応援します。あなたの経営！地域に広げよう摂津市商工会の信頼ネットワーク。大阪府摂津市,"摂津市,摂津市商工会,経営相談,企業サポート,","<h1 class=""entry-title"">平成２６年度会員事業所優良従業員表彰被表彰者ご推薦のお願い（10/31〆切）</h1>",(不明),"18,682","text/html; charset=UTF-8"
"平成２６年分　所得税・消費税確定申告相談会・税理士による個別相談会（2/16?3/16） | 摂津市商工会",https://settsu-sci.jp/archives/1951,応援します。あなたの経営！地域に広げよう摂津市商工会の信頼ネットワーク。大阪府摂津市,"摂津市,摂津市商工会,経営相談,企業サポート,","<h1 class=""entry-title"">平成２６年分　所得税・消費税確定申告相談会・税理士による個別相談会（2/16?3/16）</h1>",(不明),"19,210","text/html; charset=UTF-8"
"平成27年　摂津市年賀交歓会(1/6) | 摂津市商工会",https://settsu-sci.jp/archives/1870,応援します。あなたの経営！地域に広げよう摂津市商工会の信頼ネットワーク。大阪府摂津市,"摂津市,摂津市商工会,経営相談,企業サポート,","<h1 class=""entry-title"">平成27年　摂津市年賀交歓会(1/6)</h1>",(不明),"19,899","text/html; charset=UTF-8"
"平成２７年度　定期健康診断のご案内（8/20申込締切） | 摂津市商工会",https://settsu-sci.jp/archives/2161,応援します。あなたの経営！地域に広げよう摂津市商工会の信頼ネットワーク。大阪府摂津市,"摂津市,摂津市商工会,経営相談,企業サポート,","<h1 class=""entry-title"">平成２７年度　定期健康診断のご案内（8/20申込締切）</h1>",(不明),"19,137","text/html; charset=UTF-8"
"平成２７年度会員事業所優良従業員表彰　被表彰者ご推薦のお願い（10/30〆切） | 摂津市商工会",https://settsu-sci.jp/archives/2170,応援します。あなたの経営！地域に広げよう摂津市商工会の信頼ネットワーク。大阪府摂津市,"摂津市,摂津市商工会,経営相談,企業サポート,","<h1 class=""entry-title"">平成２７年度会員事業所優良従業員表彰　被表彰者ご推薦のお願い（10/30〆切）</h1>",(不明),"18,795","text/html; charset=UTF-8"
"平成２７年分　所得税・消費税確定申告相談会（2/16?3/15） | 摂津市商工会",https://settsu-sci.jp/archives/2408,応援します。あなたの経営！地域に広げよう摂津市商工会の信頼ネットワーク。大阪府摂津市,"摂津市,摂津市商工会,経営相談,企業サポート,","<h1 class=""entry-title"">平成２７年分　所得税・消費税確定申告相談会（2/16?3/15）</h1>",(不明),"18,760","text/html; charset=UTF-8"
"平成２８年度　定期健康診断のご案内（8/19〆切） | 摂津市商工会",https://settsu-sci.jp/archives/2631,応援します。あなたの経営！地域に広げよう摂津市商工会の信頼ネットワーク。大阪府摂津市,"摂津市,摂津市商工会,経営相談,企業サポート,","<h1 class=""entry-title"">平成２８年度　定期健康診断のご案内（8/19〆切）</h1>",(不明),"19,131","text/html; charset=UTF-8"
"平成２８年度会員事業所優良従業員表彰　被表彰者ご推薦のお願い（10/31〆切） | 摂津市商工会",https://settsu-sci.jp/archives/2637,応援します。あなたの経営！地域に広げよう摂津市商工会の信頼ネットワーク。大阪府摂津市,"摂津市,摂津市商工会,経営相談,企業サポート,","<h1 class=""entry-title"">平成２８年度会員事業所優良従業員表彰　被表彰者ご推薦のお願い（10/31〆切）</h1>",(不明),"18,626","text/html; charset=UTF-8"
"平成２９年度会員事業所優良従業員表彰　被表彰者ご推薦のお願い（10/31〆切） | 摂津市商工会",https://settsu-sci.jp/archives/3215,応援します。あなたの経営！地域に広げよう摂津市商工会の信頼ネットワーク。大阪府摂津市,"摂津市,摂津市商工会,経営相談,企業サポート,","<h1 class=""entry-title"">平成２９年度会員事業所優良従業員表彰　被表彰者ご推薦のお願い（10/31〆切）</h1>",(不明),"18,637","text/html; charset=UTF-8"
"平成３０年分所得税・消費税確定申告相談会（2/18?3/15）、税理士による無料個別相談会（要予約） | 摂津市商工会",https://settsu-sci.jp/archives/3049,応援します。あなたの経営！地域に広げよう摂津市商工会の信頼ネットワーク。大阪府摂津市,"摂津市,摂津市商工会,経営相談,企業サポート,","<h1 class=""entry-title"">平成３０年分所得税・消費税確定申告相談会（2/18?3/15）、税理士による無料個別相談会（要予約）</h1>",(不明),"18,857","text/html; charset=UTF-8"
"平成３１年　摂津市年賀交歓会（1/7）のご案内 | 摂津市商工会",https://settsu-sci.jp/archives/2291,応援します。あなたの経営！地域に広げよう摂津市商工会の信頼ネットワーク。大阪府摂津市,"摂津市,摂津市商工会,経営相談,企業サポート,","<h1 class=""entry-title"">平成３１年　摂津市年賀交歓会（1/7）のご案内</h1>",(不明),"19,913","text/html; charset=UTF-8"
"弁護士・税理士による相続セミナー　金山熹章会計事務所（4/16） | 摂津市商工会",https://settsu-sci.jp/archives/2430,応援します。あなたの経営！地域に広げよう摂津市商工会の信頼ネットワーク。大阪府摂津市,"摂津市,摂津市商工会,経営相談,企業サポート,","<h1 class=""entry-title"">弁護士・税理士による相続セミナー　金山熹章会計事務所（4/16）</h1>",(不明),"19,428","text/html; charset=UTF-8"
"補助金申請攻略セミナーアンケート | 摂津市商工会",https://settsu-sci.jp/archives/4545,応援します。あなたの経営！地域に広げよう摂津市商工会の信頼ネットワーク。大阪府摂津市,"摂津市,摂津市商工会,経営相談,企業サポート,","<h1 class=""entry-title"">補助金申請攻略セミナーアンケート</h1>",(不明),"24,373","text/html; charset=UTF-8"
"北おおさか創業支援融資 &#8216;始めくん&#8217; | 摂津市商工会",https://settsu-sci.jp/service/yusi-top/settsu-hajime,応援します。あなたの経営！地域に広げよう摂津市商工会の信頼ネットワーク。大阪府摂津市,"摂津市,摂津市商工会,経営相談,企業サポート,","<h1 class=""entry-title"">北おおさか創業支援融資 &#8216;始めくん&#8217;</h1>",(不明),"16,922","text/html; charset=UTF-8"
"未払賃金・残業問題対策セミナー(11/22) | 摂津市商工会",https://settsu-sci.jp/archives/1399,応援します。あなたの経営！地域に広げよう摂津市商工会の信頼ネットワーク。大阪府摂津市,"摂津市,摂津市商工会,経営相談,企業サポート,","<h1 class=""entry-title"">未払賃金・残業問題対策セミナー(11/22)</h1>",(不明),"21,424","text/html; charset=UTF-8"
"魅力的なＰＯＰづくりで売上ＵＰ！売れる！ＰＯＰの秘密教えます！セミナー（10/5） | 摂津市商工会",https://settsu-sci.jp/archives/2672,応援します。あなたの経営！地域に広げよう摂津市商工会の信頼ネットワーク。大阪府摂津市,"摂津市,摂津市商工会,経営相談,企業サポート,","<h1 class=""entry-title"">魅力的なＰＯＰづくりで売上ＵＰ！売れる！ＰＯＰの秘密教えます！セミナー（10/5）</h1>",(不明),"22,430","text/html; charset=UTF-8"
"夢に向かって挑戦！想いをカタチに！一歩踏み出す創業セミナー（6/22、6/29、7/6、7/13） | 摂津市商工会",https://settsu-sci.jp/archives/2556,応援します。あなたの経営！地域に広げよう摂津市商工会の信頼ネットワーク。大阪府摂津市,"摂津市,摂津市商工会,経営相談,企業サポート,","<h1 class=""entry-title"">夢に向かって挑戦！想いをカタチに！一歩踏み出す創業セミナー（6/22、6/29、7/6、7/13）</h1>",(不明),"23,624","text/html; charset=UTF-8"
"無担保・無保証人・低金利の安心融資　マル経融資のご案内 | 摂津市商工会",https://settsu-sci.jp/archives/1632,応援します。あなたの経営！地域に広げよう摂津市商工会の信頼ネットワーク。大阪府摂津市,"摂津市,摂津市商工会,経営相談,企業サポート,","<h1 class=""entry-title"">無担保・無保証人・低金利の安心融資　マル経融資のご案内</h1>",(不明),"22,790","text/html; charset=UTF-8"
"目指せ！売上・利益確保！売れる！スマホ写真撮影講座（2/14） | 摂津市商工会",https://settsu-sci.jp/archives/3029,応援します。あなたの経営！地域に広げよう摂津市商工会の信頼ネットワーク。大阪府摂津市,"摂津市,摂津市商工会,経営相談,企業サポート,","<h1 class=""entry-title"">目指せ！売上・利益確保！売れる！スマホ写真撮影講座（2/14）</h1>",(不明),"22,473","text/html; charset=UTF-8"
"融資制度のご案内 | 摂津市商工会",https://settsu-sci.jp/service/yusi-top,応援します。あなたの経営！地域に広げよう摂津市商工会の信頼ネットワーク。大阪府摂津市,"摂津市,摂津市商工会,経営相談,企業サポート,","<h1 class=""entry-title"">融資制度のご案内</h1>",(不明),"20,004","text/html; charset=UTF-8"
"来店予測９０％的中！伊勢ゑびや大食堂の店舗経営改革 中小企業でも活用できる！ＡＩ・ＩｏＴ活用セミナー（11月19日） | 摂津市商工会",https://settsu-sci.jp/archives/4135,応援します。あなたの経営！地域に広げよう摂津市商工会の信頼ネットワーク。大阪府摂津市,"摂津市,摂津市商工会,経営相談,企業サポート,","<h1 class=""entry-title"">来店予測９０％的中！伊勢ゑびや大食堂の店舗経営改革 中小企業でも活用できる！ＡＩ・ＩｏＴ活用セミナー（11月19日）</h1>",(不明),"19,442","text/html; charset=UTF-8"
"臨時休業のお知らせ（9/4） | 摂津市商工会",https://settsu-sci.jp/archives/3704,応援します。あなたの経営！地域に広げよう摂津市商工会の信頼ネットワーク。大阪府摂津市,"摂津市,摂津市商工会,経営相談,企業サポート,","<h1 class=""entry-title"">臨時休業のお知らせ（9/4）</h1>",(不明),"19,109","text/html; charset=UTF-8"
"令和２年 摂津市年賀交歓会（1/7）のご案内 | 摂津市商工会",https://settsu-sci.jp/archives/4333,応援します。あなたの経営！地域に広げよう摂津市商工会の信頼ネットワーク。大阪府摂津市,"摂津市,摂津市商工会,経営相談,企業サポート,","<h1 class=""entry-title"">令和２年 摂津市年賀交歓会（1/7）のご案内</h1>",(不明),"19,579","text/html; charset=UTF-8"
"令和３年度　定期健康診断のご案内（申込は7/28まで） | 摂津市商工会",https://settsu-sci.jp/archives/5892,応援します。あなたの経営！地域に広げよう摂津市商工会の信頼ネットワーク。大阪府摂津市,"摂津市,摂津市商工会,経営相談,企業サポート,","<h1 class=""entry-title"">令和３年度　定期健康診断のご案内（申込は7/28まで）</h1>",(不明),"19,264","text/html; charset=UTF-8"
"令和4年度　定期健康診断のご案内 | 摂津市商工会",https://settsu-sci.jp/archives/7073,応援します。あなたの経営！地域に広げよう摂津市商工会の信頼ネットワーク。大阪府摂津市,"摂津市,摂津市商工会,経営相談,企業サポート,","<h1 class=""entry-title"">令和4年度　定期健康診断のご案内</h1>",(不明),"19,300","text/html; charset=UTF-8"
"令和４年度会員事業所優良従業員表彰　被表彰者ご推薦のお願い（7/29〆切） | 摂津市商工会",https://settsu-sci.jp/archives/5003,応援します。あなたの経営！地域に広げよう摂津市商工会の信頼ネットワーク。大阪府摂津市,"摂津市,摂津市商工会,経営相談,企業サポート,","<h1 class=""entry-title"">令和４年度会員事業所優良従業員表彰　被表彰者ご推薦のお願い（<b>7/29〆切</b>）</h1>",(不明),"25,149","text/html; charset=UTF-8"
"令和５年 摂津市年賀交歓会のお知らせ（1/6）　※事前予約が必要です※締切12/20（火） | 摂津市商工会",https://settsu-sci.jp/archives/5384,応援します。あなたの経営！地域に広げよう摂津市商工会の信頼ネットワーク。大阪府摂津市,"摂津市,摂津市商工会,経営相談,企業サポート,","<h1 class=""entry-title"">令和５年 摂津市年賀交歓会のお知らせ（1/6）<br /><b><span style=""color: #ff0000;"">　※事前予約が必要です※</span>締切12/20（火）</b></h1>",(不明),"21,804","text/html; charset=UTF-8"
"令和元年度　定期健康診断のご案内（7/26申込〆切） | 摂津市商工会",https://settsu-sci.jp/archives/3211,応援します。あなたの経営！地域に広げよう摂津市商工会の信頼ネットワーク。大阪府摂津市,"摂津市,摂津市商工会,経営相談,企業サポート,","<h1 class=""entry-title"">令和元年度　定期健康診断のご案内（7/26申込〆切）</h1>",(不明),"19,046","text/html; charset=UTF-8"
"令和元年度会員事業所優良従業員表彰　被表彰者ご推薦のお願い（10/31〆切） | 摂津市商工会",https://settsu-sci.jp/archives/3675,応援します。あなたの経営！地域に広げよう摂津市商工会の信頼ネットワーク。大阪府摂津市,"摂津市,摂津市商工会,経営相談,企業サポート,","<h1 class=""entry-title"">令和元年度会員事業所優良従業員表彰　被表彰者ご推薦のお願い（10/31〆切）</h1>",(不明),"18,831","text/html; charset=UTF-8"
"令和元年度分所得税・消費税確定申告相談会（2/17?3/16）、税理士による無料個別相談会（要予約） | 摂津市商工会",https://settsu-sci.jp/archives/4487,応援します。あなたの経営！地域に広げよう摂津市商工会の信頼ネットワーク。大阪府摂津市,"摂津市,摂津市商工会,経営相談,企業サポート,","<h1 class=""entry-title"">令和元年度分所得税・消費税確定申告相談会（2/17?3/16）、税理士による無料個別相談会（要予約）</h1>",(不明),"19,068","text/html; charset=UTF-8"
"労働啓発セミナー2017　職場トラブル改善勉強会（10/4） | 摂津市商工会",https://settsu-sci.jp/archives/3251,応援します。あなたの経営！地域に広げよう摂津市商工会の信頼ネットワーク。大阪府摂津市,"摂津市,摂津市商工会,経営相談,企業サポート,","<h1 class=""entry-title"">労働啓発セミナー2017　職場トラブル改善勉強会（10/4）</h1>",(不明),"22,663","text/html; charset=UTF-8"
"労働保険事務組合に加入の皆様へ（労働保険年度更新情報） | 摂津市商工会",https://settsu-sci.jp/archives/6701,応援します。あなたの経営！地域に広げよう摂津市商工会の信頼ネットワーク。大阪府摂津市,"摂津市,摂津市商工会,経営相談,企業サポート,","<h1 class=""entry-title"">労働保険事務組合に加入の皆様へ（労働保険年度更新情報）</h1>",(不明),"19,844","text/html; charset=UTF-8"
"労働法改正セミナーアンケート | 摂津市商工会",https://settsu-sci.jp/archives/5089,応援します。あなたの経営！地域に広げよう摂津市商工会の信頼ネットワーク。大阪府摂津市,"摂津市,摂津市商工会,経営相談,企業サポート,","<h1 class=""entry-title"">労働法改正セミナーアンケート</h1>",(不明),"26,357","text/html; charset=UTF-8"
"労務関係 | 摂津市商工会",https://settsu-sci.jp/service/roudo,応援します。あなたの経営！地域に広げよう摂津市商工会の信頼ネットワーク。大阪府摂津市,"摂津市,摂津市商工会,経営相談,企業サポート,","<h1 class=""entry-title"">労務関係</h1>",(不明),"17,056","text/html; charset=UTF-8"
